Hours Studied,Previous Scores,Extracurricular Activities,Sleep Hours,Sample Question Papers Practiced,Actual_Performance,Predicted_Performance
5,69,No,8,2,51.0,54.71185391749007
2,46,Yes,4,8,20.0,22.615512943389326
7,56,Yes,7,5,46.0,47.903144711258946
6,42,Yes,8,5,28.0,31.289767480301524
7,53,No,4,6,41.0,43.004570423805454
9,63,No,4,7,59.0,59.07125171473058
6,59,Yes,4,1,48.0,45.903475159654135
6,96,No,9,7,87.0,86.45911791018091
7,46,No,7,8,37.0,37.700140366704815
7,79,Yes,9,4,73.0,72.05592481361843
4,80,Yes,7,4,66.0,63.56157825398096
2,49,Yes,4,4,30.0,24.899151774385953
9,66,No,4,0,61.0,60.77939622137557
6,56,Yes,6,2,45.0,43.99822497265842
8,54,Yes,8,4,52.0,49.00676228619143
1,72,No,4,3,41.0,44.636948298743846
1,83,No,7,7,63.0,58.021968705337116
8,85,Yes,4,6,78.0,79.00929339930838
3,86,No,6,4,63.0,65.72546535375325
4,63,Yes,9,1,42.0,46.651167516121994
6,74,No,6,6,59.0,62.46272163967699
1,41,Yes,8,2,15.0,15.434865306653862
6,49,No,8,8,38.0,38.37556251760727
9,81,No,4,4,76.0,76.80154497117175
6,94,Yes,9,2,84.0,84.07460098463874
3,52,No,7,1,32.0,31.049313749858136
5,44,No,7,1,30.0,28.618376018539898
7,96,Yes,6,9,92.0,88.87305695020221
9,54,Yes,6,5,52.0,51.09719468936205
6,68,Yes,5,5,57.0,56.30063620002899
7,70,Yes,4,2,60.0,60.13466071943957
2,55,Yes,8,9,35.0,33.86800411194137
2,61,Yes,6,7,42.0,38.632387454285336
9,54,No,6,2,53.0,49.91308368543399
2,59,Yes,4,2,36.0,34.685370880814204
9,66,No,8,5,64.0,63.646319365333376
9,52,Yes,7,7,45.0,49.92382265857354
7,55,Yes,8,1,47.0,46.595772230700106
7,83,No,9,8,76.0,76.28258669557593
6,89,Yes,7,6,79.0,78.8031027874237
9,83,Yes,7,3,79.0,80.68313105969231
2,97,Yes,9,4,74.0,76.09929274404814
7,77,Yes,4,7,69.0,68.21273531922284
8,99,No,8,1,93.0,93.5871202342454
5,83,Yes,8,6,72.0,70.32563114792974
9,68,No,5,3,64.0,63.86580842776934
7,84,Yes,5,0,73.0,74.46577410577584
6,80,Yes,8,3,68.0,69.55165615685192
8,80,No,7,9,73.0,75.32205450194775
5,57,No,5,8,39.0,42.228159726469315
1,96,No,8,5,72.0,71.33609389274044
3,77,No,8,4,57.0,57.52645453170939
3,91,Yes,7,9,74.0,72.85512171942334
8,89,No,5,8,88.0,83.32923388254106
9,77,No,5,7,70.0,73.78602798396793
8,95,Yes,6,6,89.0,90.13305835699026
9,77,No,7,3,74.0,73.97258518651829
8,93,No,8,3,86.0,87.86885392354888
4,91,No,8,0,74.0,73.8494474810409
6,71,No,8,6,62.0,60.36564001123073
7,47,No,5,5,39.0,37.187751272933575
4,52,No,9,5,35.0,35.62300641408548
2,41,No,4,3,17.0,15.962798061895512
9,83,Yes,8,7,83.0,81.92739830967076
5,98,Yes,6,7,80.0,84.81840260502176
9,40,No,5,7,36.0,36.15746462344937
1,54,Yes,8,8,31.0,29.80670054148527
3,87,Yes,8,1,68.0,67.72945887626352
4,55,Yes,6,3,38.0,37.46810035503079
5,85,Yes,8,5,70.0,72.16777610434507
7,72,No,4,0,61.0,61.17635755482793
8,97,No,7,3,93.0,91.45986523510436
8,92,No,9,8,88.0,88.28796441604494
9,93,Yes,7,9,95.0,92.00400169772493
2,93,No,8,3,68.0,70.75395034311316
5,53,Yes,9,2,40.0,39.525600898315815
3,86,No,4,8,66.0,65.53890815120289
2,65,Yes,9,5,42.0,43.747501819644796
3,64,No,9,9,47.0,45.74170663701024
9,78,No,7,4,76.0,75.18140482690177
9,67,Yes,6,7,64.0,64.70170415839128
1,87,No,6,6,58.0,61.42114857544203
3,85,Yes,5,2,66.0,64.45648946731937
8,56,No,7,4,52.0,49.9551805203046
2,82,No,9,2,58.0,59.852190197576626
8,43,Yes,4,5,35.0,36.10395760267461
4,46,No,7,3,26.0,28.183531369234235
9,83,No,8,9,81.0,81.70244451299544
8,71,No,9,5,69.0,66.3557179141017
1,54,No,6,1,27.0,26.90138080340249
1,48,Yes,4,2,20.0,20.646016762479313
3,43,Yes,8,4,23.0,23.557472447566056
5,46,No,5,9,33.0,31.23312097965758
9,79,No,6,2,78.0,75.33778865875735
9,98,Yes,6,9,95.0,96.61200120821331
4,98,No,5,1,80.0,79.72937186249317
3,84,Yes,5,3,67.0,63.63133270983698
8,95,No,5,0,89.0,87.8965115445343
7,96,No,5,3,82.0,86.63651013774626
9,62,Yes,9,6,65.0,60.85575617480488
6,92,Yes,9,4,86.0,82.42428746967394
1,54,No,7,7,28.0,28.52931093628203
7,45,Yes,6,6,38.0,36.431164480270944
5,70,Yes,4,6,55.0,55.19701862509651
1,47,Yes,5,0,18.0,19.72230716482155
9,75,No,8,4,73.0,72.60738171427924
6,61,Yes,6,1,49.0,48.891334525872544
8,84,No,9,5,80.0,79.57656450022984
6,87,No,5,2,72.0,74.43930097582668
2,61,Yes,9,2,40.0,39.10405469956143
2,72,No,6,5,51.0,48.8269780800701
3,43,Yes,6,5,21.0,22.795420920664057
3,57,Yes,7,2,39.0,36.93470286554977
2,51,Yes,4,2,22.0,26.549465289350735
3,46,No,8,7,26.0,26.57531468914007
1,54,No,5,0,27.0,26.232607877775674
2,74,Yes,6,8,49.0,52.04506548186402
3,45,Yes,7,4,24.0,25.11450736125565
2,48,Yes,5,0,23.0,23.59177929382711
1,79,No,4,5,52.0,52.13952857417547
4,56,No,6,2,39.0,37.68464043293676
8,83,No,6,0,79.0,76.16959464151537
8,92,Yes,7,7,85.0,87.75086668581828
6,60,Yes,9,1,47.0,49.305170779468426
5,64,No,5,8,49.0,49.34707711899985
6,72,Yes,6,4,59.0,60.65369903848645
3,73,Yes,6,8,53.0,53.88056121300371
6,80,Yes,9,1,68.0,69.6449347581271
4,91,No,8,0,73.0,73.8494474810409
9,60,Yes,7,1,58.0,56.90873960133374
3,82,Yes,9,5,67.0,63.88878513157729
8,59,Yes,4,7,52.0,52.75943166850264
7,75,No,8,6,66.0,67.28607673703509
5,81,No,5,7,67.0,66.44404505940918
1,47,No,8,7,20.0,21.88733502792776
7,98,Yes,7,5,88.0,90.61664906644218
8,64,No,5,1,57.0,56.561708819063895
9,42,No,4,4,36.0,37.13900521278733
5,55,Yes,4,5,39.0,39.750364199651955
1,41,No,8,8,17.0,15.977237275780702
6,55,Yes,4,9,43.0,43.370173895526754
1,41,No,4,3,12.0,13.110314131822896
7,51,No,4,0,43.0,39.819605377236314
9,52,Yes,8,1,47.0,49.249775494046546
9,62,Yes,7,2,63.0,59.13454744065016
1,69,No,6,6,40.0,43.11536099464922
3,58,Yes,8,7,37.0,39.3877897559117
6,78,Yes,5,1,67.0,65.70319242355615
2,41,No,9,1,20.0,17.96384259987579
3,49,No,8,7,29.0,29.62627928593887
7,53,No,5,3,40.0,42.90601758363009
9,49,No,5,0,46.0,43.967538323691954
8,82,Yes,6,2,79.0,76.14488600505994
8,52,No,5,2,45.0,44.54968187331924
1,92,No,9,5,70.0,67.74508258118497
2,42,No,8,8,20.0,19.84670940478626
3,54,Yes,4,3,35.0,32.644745257672696
7,44,Yes,9,1,36.0,35.8858435266141
2,72,No,7,5,50.0,49.30391956424637
3,40,No,4,6,19.0,18.37378811738683
5,90,Yes,4,3,74.0,74.96128827940356
3,54,Yes,4,5,30.0,33.02840814057379
2,92,Yes,4,3,67.0,68.43781288705156
6,41,No,5,9,34.0,29.000663915065534
8,47,No,8,8,42.0,42.046553979886646
7,90,Yes,4,1,76.0,80.28259325664771
4,91,Yes,4,3,71.0,73.12579254826387
1,43,No,9,0,17.0,16.953503626218485
2,77,Yes,5,0,53.0,53.084437062882195
5,69,No,9,7,57.0,56.14795260891906
2,70,Yes,7,9,49.0,48.645885611759105
8,75,No,4,1,66.0,67.2716375231499
5,66,No,5,3,52.0,50.421896309613
6,71,Yes,5,5,60.0,59.351600796827796
8,88,No,5,8,85.0,82.31224568360813
6,49,No,6,0,39.0,35.88702801765037
7,52,No,5,8,43.0,42.84818659194988
5,91,Yes,8,1,76.0,77.5023795321405
4,73,Yes,7,6,57.0,56.82632374435151
2,77,No,9,1,52.0,54.57541776146141
4,59,Yes,4,7,38.0,41.349495948212166
7,52,No,5,2,43.0,41.697197943246614
6,68,No,9,7,57.0,57.98344834005875
3,54,Yes,7,7,29.0,34.84289547600369
2,79,No,9,0,58.0,56.417562717876734
2,70,Yes,7,8,54.0,48.45405417030856
5,91,Yes,4,8,75.0,76.93743368558921
4,65,No,4,7,48.0,46.84280846223335
1,63,Yes,8,3,36.0,38.00043712462895
6,76,No,8,2,64.0,64.68325524009322
4,83,Yes,4,6,64.0,65.56538128115204
4,98,No,7,5,78.0,81.4505805966479
6,83,No,7,4,73.0,71.70889403134858
9,93,Yes,7,9,93.0,92.00400169772493
1,69,Yes,4,0,39.0,41.61910605716983
2,94,Yes,9,1,72.0,72.47283382289771
3,52,Yes,9,1,33.0,32.6118133977871
4,41,No,5,0,21.0,21.569213081865392
8,52,No,7,1,48.0,45.311733400221236
4,98,Yes,4,9,81.0,81.39569858949768
6,48,Yes,5,4,35.0,35.76904077991977
9,65,Yes,9,9,68.0,64.48221509595531
6,86,Yes,4,8,75.0,74.70497662099717
9,46,No,8,4,46.0,43.11472394522415
9,95,Yes,5,5,88.0,92.31676936143606
5,52,Yes,9,8,38.0,39.659601348086156
4,47,Yes,9,9,28.0,31.914007864799405
6,85,Yes,6,5,72.0,74.06637706606514
8,41,No,8,5,37.0,35.36913046193741
7,99,No,4,8,89.0,90.1696904576215
6,70,No,7,3,57.0,58.29621600376989
3,49,No,6,0,26.0,27.32957622743251
4,40,No,9,1,22.0,22.651822261088085
2,55,Yes,7,0,30.0,31.664579654710195
3,41,No,8,8,20.0,21.68220513592594
3,92,No,4,4,70.0,70.8735115789983
1,40,No,7,4,11.0,13.715981826869324
1,45,Yes,6,9,19.0,19.89175522418686
2,45,No,4,0,20.0,19.455256533275616
8,53,Yes,4,3,43.0,45.89017670910286
7,54,Yes,8,9,47.0,47.11343556337153
5,62,No,6,1,46.0,46.44722211515644
9,81,No,7,6,78.0,78.61603230660165
3,45,No,9,5,26.0,25.651605091482317
3,42,No,9,5,25.0,22.600640494683518
6,59,Yes,6,6,47.0,47.8165153352594
2,50,No,4,1,28.0,24.732028969390832
9,45,Yes,4,9,41.0,41.757743696415275
3,79,Yes,6,0,59.0,58.447838874996954
8,76,No,9,4,72.0,71.24882746731583
4,99,Yes,4,4,82.0,81.45352958117789
3,83,Yes,4,2,63.0,61.945571585277236
2,59,Yes,6,2,35.0,35.63925384916675
7,90,Yes,6,8,82.0,82.57929631515407
5,95,No,8,1,82.0,80.96171564829581
4,83,No,8,4,65.0,66.48086765537961
5,81,Yes,4,0,63.0,65.23290016465552
3,40,No,4,7,17.0,18.565619558837376
6,74,No,6,9,62.0,63.03821596402862
1,61,Yes,8,6,39.0,36.54195505111471
4,53,Yes,9,8,40.0,37.82410561694647
7,73,No,4,0,61.0,62.193345753760866
3,69,No,4,7,45.0,48.05827732789246
9,74,Yes,9,6,74.0,73.05961456200009
7,78,Yes,8,5,70.0,70.75382657195976
1,96,No,7,5,72.0,70.85915240856417
6,70,No,4,7,57.0,57.63271731704326
5,58,Yes,8,8,46.0,45.28458905750748
1,66,No,6,8,43.0,40.44805928075151
3,97,No,6,4,75.0,76.91233554201553
1,66,Yes,6,3,38.0,40.09751875307521
7,67,Yes,8,7,60.0,59.95061926659858
9,73,Yes,5,0,67.0,68.9838717776588
3,97,No,4,9,74.0,76.91760978091571
2,97,No,9,5,78.0,75.68250750592227
8,87,No,5,2,81.0,80.14426883597193
5,81,No,4,6,67.0,65.77527213378237
5,79,No,4,9,66.0,64.31679006026813
5,70,No,8,2,57.0,55.728842116423
3,81,No,7,0,62.0,60.350140077462676
6,48,No,6,7,38.0,36.21285990887125
1,81,No,5,7,55.0,55.0341093391187
7,57,Yes,5,1,48.0,47.19892417603716
8,41,Yes,4,4,32.0,33.878149763358195
1,42,No,4,3,11.0,14.127302330755832
5,84,No,9,6,76.0,71.21094415146253
4,59,No,9,2,41.0,42.16642948226438
1,48,Yes,7,9,19.0,23.419661305161938
7,57,No,6,9,53.0,48.601900512241365
3,96,Yes,6,8,79.0,77.27128978846119
1,49,No,4,0,19.0,20.670725398934728
5,77,Yes,6,2,62.0,62.50249322017741
2,98,No,7,4,71.0,75.55378129505212
7,49,No,7,9,44.0,40.94293640495417
1,94,No,9,4,73.0,69.5872275376003
9,62,Yes,5,6,59.0,58.94799023809979
9,59,Yes,7,9,58.0,57.42640293400517
9,46,Yes,4,2,41.0,41.431911805194396
7,92,No,6,8,87.0,84.00465603344351
8,49,Yes,4,8,46.0,42.78138112062385
7,41,Yes,7,8,34.0,33.223816051616566
8,61,Yes,6,9,58.0,56.13095391762214
8,58,Yes,9,1,49.0,52.9761622417478
1,53,No,8,3,26.0,27.22193845572319
7,47,Yes,8,6,37.0,39.41902384648935
5,84,Yes,7,0,71.0,69.71468921398314
2,73,No,4,2,50.0,48.31458898629886
9,62,Yes,8,4,62.0,59.99515180772752
2,80,No,4,0,52.0,55.04984349592831
4,66,No,6,7,51.0,48.81367962951882
7,75,Yes,6,1,65.0,65.98165324100624
7,79,No,5,9,69.0,70.49869940458964
4,87,No,5,0,69.0,68.35067023278036
4,52,Yes,6,5,31.0,34.800798641133085
1,63,No,7,8,40.0,37.87403616812898
3,57,Yes,5,6,36.0,36.748145662999406
4,91,No,4,9,74.0,73.66816451739072
9,79,Yes,6,9,78.0,77.28922542848758
5,83,No,8,2,68.0,68.94968870255114
6,78,Yes,8,8,69.0,68.47683696623878
8,42,Yes,8,0,37.0,36.03557813319404
3,95,No,6,1,76.0,74.30286481979802
3,41,No,5,1,21.0,18.908560593243315
4,67,Yes,7,7,48.0,50.91622599220445
3,71,Yes,5,0,50.0,49.83499179935721
5,62,No,7,4,47.0,47.499657923684346
3,47,No,4,2,24.0,24.725379744115195
2,56,No,4,0,30.0,30.642126721537892
1,89,Yes,4,1,63.0,62.15070147727906
3,97,Yes,5,9,78.0,78.0031679446684
7,64,Yes,4,7,56.0,54.99188873309469
8,42,No,8,4,36.0,36.1942872194198
3,41,No,4,6,20.0,19.390776316319766
9,45,Yes,4,8,41.0,41.56591225496473
3,68,No,7,3,43.0,47.70478781568617
4,53,No,6,8,35.0,35.78466448484123
4,74,Yes,4,9,55.0,56.98798181510726
7,90,No,8,9,86.0,83.11639404538073
4,61,Yes,6,7,46.0,44.337355314430575
4,73,No,5,6,59.0,55.263824096422546
6,97,Yes,8,5,86.0,87.2241184216129
1,42,No,5,5,12.0,14.98790669783319
5,74,Yes,4,2,59.0,58.49764565502607
1,54,Yes,5,8,27.0,28.375876088956453
1,76,No,5,3,52.0,49.18184257865185
5,42,Yes,4,7,25.0,26.91318049642491
6,71,Yes,7,3,61.0,59.92182088227925
4,65,Yes,5,4,45.0,47.352872301634406
5,86,Yes,7,6,73.0,72.89965426055227
9,54,Yes,4,7,52.0,50.526974603910595
5,64,No,7,6,49.0,49.9172972044513
8,90,Yes,4,3,82.0,83.51874006962142
7,92,No,9,1,87.0,84.09266039581851
8,98,Yes,5,9,97.0,93.28257579396444
4,53,No,9,5,34.0,36.63999461301841
1,78,Yes,9,8,56.0,54.69135880005196
2,78,Yes,8,2,58.0,55.91591259724504
1,82,Yes,6,0,56.0,55.79383561165052
5,76,Yes,8,5,63.0,63.01488231394866
6,90,Yes,7,8,80.0,80.20375386925772
7,81,Yes,9,4,74.0,74.08990121148429
4,61,Yes,7,1,44.0,43.66330814990358
7,73,No,8,3,63.0,64.6766060148176
3,80,Yes,7,2,63.0,60.325431441007254
7,58,No,5,9,49.0,49.14194722699803
4,83,No,8,0,68.0,65.71354188957744
6,70,No,7,1,58.0,57.91255312086881
4,93,No,7,3,80.0,75.98197671908213
4,77,No,4,0,59.0,57.70384675927474
8,49,Yes,8,5,43.0,44.1136527329773
4,91,No,6,7,75.0,74.23838460284217
1,49,No,5,7,22.0,22.490486973264815
1,65,Yes,4,1,37.0,37.74298470288864
9,69,No,5,0,63.0,64.30730230235064
9,79,No,4,5,73.0,74.95940001475643
3,65,Yes,8,0,43.0,45.163887058288424
5,60,Yes,5,9,46.0,46.07957244429508
6,67,No,6,2,54.0,54.576478481344274
6,63,Yes,4,8,51.0,51.314248045539685
4,95,Yes,9,5,78.0,79.96211564777806
8,62,No,9,8,62.0,57.77831844805693
4,65,No,4,0,45.0,45.499988372079535
9,71,No,7,5,68.0,68.25431887582178
1,91,No,4,3,64.0,63.95972407846959
2,62,No,6,1,37.0,37.88977032493858
5,68,Yes,6,2,53.0,53.34959942978101
5,83,No,6,5,70.0,68.57130005855024
6,42,No,4,9,24.0,29.540710629822197
6,71,No,6,6,55.0,59.41175704287819
8,76,No,6,8,66.0,70.5853287805892
3,88,Yes,8,6,72.0,69.70560428244917
1,61,Yes,6,6,37.0,35.58807208276217
8,90,No,5,4,83.0,83.57889631567181
2,67,Yes,9,3,43.0,45.397815334609575
4,94,Yes,4,5,74.0,76.56042002796377
8,68,Yes,4,5,64.0,61.528662575997956
1,69,Yes,4,3,41.0,42.19460038152147
9,87,No,7,3,88.0,84.14246717584763
5,40,No,4,9,23.0,24.654250301883707
4,47,Yes,8,9,31.0,31.437066380623133
4,69,Yes,8,6,55.0,53.23531243279605
9,56,Yes,9,2,53.0,53.9865012154051
3,60,No,8,1,39.0,39.66216082549788
8,46,No,4,8,37.0,39.12179984424862
8,62,No,7,2,57.0,55.673446831001115
7,88,Yes,5,3,80.0,79.1092212258592
1,98,Yes,5,6,73.0,72.73969395910446
6,75,No,7,7,66.0,64.14848276423675
9,83,No,8,7,83.0,81.31878163009435
8,60,Yes,7,9,55.0,55.59090720286548
7,61,No,8,0,53.0,51.897253303270745
6,84,No,4,6,72.0,71.67872066065378
5,73,Yes,7,5,57.0,59.48697623297359
7,68,No,6,3,58.0,58.63778205180037
7,86,No,5,7,79.0,77.23395391421909
6,89,Yes,4,5,80.0,77.18044689344433
2,63,No,4,0,37.0,37.761044114068426
1,47,No,8,9,24.0,22.270997910828854
9,45,No,4,9,40.0,41.149127016838854
5,79,No,7,8,68.0,65.55578307134641
1,96,No,7,5,71.0,70.85915240856417
7,68,No,7,6,58.0,59.690217860328275
4,90,No,4,1,70.0,71.11652478685343
2,50,Yes,6,6,28.0,27.25368582457252
2,43,No,5,6,18.0,19.049210268289286
6,76,Yes,6,9,65.0,65.68080904147092
6,58,No,9,7,49.0,47.81356635072941
8,82,No,8,3,79.0,76.68198373528662
3,90,No,6,5,72.0,69.98524959093552
8,45,Yes,6,2,38.0,38.51632264454139
7,99,No,4,5,89.0,89.59419613326986
3,77,Yes,8,5,61.0,58.32690265273636
9,85,No,9,1,80.0,82.67871086343322
5,71,Yes,4,6,54.0,56.21400682402945
5,51,Yes,5,1,39.0,35.39202712229432
4,58,Yes,9,7,41.0,42.71721517016059
8,56,Yes,5,6,54.0,49.99357711442957
1,68,Yes,7,4,41.0,42.800268076567896
3,53,Yes,4,2,30.0,31.43592561728922
7,83,Yes,7,1,74.0,74.59450031664599
4,88,Yes,9,0,74.0,71.8840410479948
6,49,No,6,2,36.0,36.270690900551465
8,46,No,6,5,40.0,39.500188488249535
4,51,No,5,3,32.0,32.31458939554636
6,58,Yes,8,2,45.0,46.986084338876836
6,70,Yes,4,4,59.0,57.66583967226804
3,69,No,7,5,48.0,49.10543889752019
3,51,No,6,4,33.0,30.130878391100563
3,74,No,7,3,54.0,53.80671700928377
2,96,No,6,7,75.0,73.6183577373616
5,80,Yes,7,5,65.0,66.60589362550412
5,75,Yes,5,3,60.0,60.18340677958582
3,50,Yes,5,5,30.0,29.43739682901832
9,66,No,8,5,65.0,63.646319365333376
2,65,Yes,5,3,45.0,41.45607300003862
5,63,No,8,6,52.0,49.377250489694646
2,78,Yes,6,4,55.0,55.34569251179358
2,59,Yes,5,6,38.0,35.929638130792654
3,77,Yes,4,1,56.0,55.65181095022909
2,57,Yes,7,5,34.0,34.65771325982878
6,69,No,5,5,56.0,56.709007719385504
5,81,No,7,9,66.0,67.78159091066281
5,99,Yes,9,3,89.0,86.49888949068132
8,91,No,7,8,88.0,86.31709324875948
5,95,Yes,8,1,83.0,81.57033232787222
6,59,No,8,0,45.0,47.01079297533226
3,54,Yes,5,7,35.0,33.889012507651145
1,77,No,7,5,52.0,51.536376628838426
2,61,Yes,8,0,42.0,38.24345033248407
2,40,No,4,0,13.0,14.370315538610946
8,62,Yes,6,2,58.0,55.805122026401264
2,49,Yes,8,3,23.0,26.615086269640493
2,85,Yes,7,2,64.0,62.5578885055993
9,45,Yes,7,5,45.0,42.421242383141916
1,40,Yes,9,6,15.0,15.662144357699376
5,70,Yes,9,6,61.0,57.581726045977874
8,45,Yes,9,7,40.0,40.90630430432293
3,44,No,6,3,19.0,22.82012955711948
9,93,No,7,5,92.0,90.62805925234632
8,68,No,7,3,61.0,61.96720746604927
5,57,No,5,0,40.0,40.693508194864954
6,84,Yes,8,8,76.0,74.57876615983639
5,94,No,8,8,81.0,81.28754753951668
9,92,Yes,5,5,90.0,89.26580476463727
9,87,No,7,9,86.0,85.2934558245509
7,47,No,7,1,37.0,37.37430847548394
8,99,Yes,6,1,93.0,93.24185394546927
1,67,No,4,6,39.0,40.127501628430814
7,40,Yes,9,6,34.0,32.77704793813509
9,90,No,5,8,85.0,87.19870601154662
4,90,Yes,9,8,76.0,75.45266897746502
1,40,Yes,8,9,18.0,15.760697197874734
9,85,No,5,2,81.0,80.96277636817868
3,49,Yes,4,0,26.0,26.984309938656388
2,85,Yes,9,1,61.0,63.3199400325013
5,77,Yes,5,4,62.0,62.40921461890223
9,44,Yes,4,8,39.0,40.548924056031794
6,83,Yes,5,4,70.0,71.36362774257246
2,89,Yes,5,5,70.0,66.24745265733013
7,81,Yes,9,6,75.0,74.47356409438538
6,51,Yes,4,0,38.0,37.57573812674012
5,52,Yes,5,2,36.0,36.600846762677804
3,47,Yes,4,1,28.0,25.14216498224107
2,89,No,8,1,66.0,66.30233466448034
7,65,Yes,6,1,54.0,55.8117712516769
3,47,No,9,4,25.0,27.49375004789764
1,85,Yes,7,8,59.0,60.85639322422995
7,54,Yes,4,5,42.0,44.438343860864265
9,44,No,4,7,37.0,39.748475935004834
8,76,Yes,6,5,72.0,70.61845113581398
3,75,Yes,5,7,55.0,55.24576468524276
2,67,No,8,7,47.0,45.079582936659065
3,46,No,5,4,21.0,24.568995912259616
2,63,No,5,3,35.0,38.813479922596336
5,48,Yes,7,7,33.0,34.44593414255132
3,56,Yes,4,4,35.0,34.87055309698911
2,91,Yes,7,1,66.0,68.46798625774636
9,50,Yes,7,5,51.0,47.50618337780658
7,62,Yes,4,7,55.0,52.957912335228826
3,63,Yes,9,5,45.0,44.56600935185155
5,63,No,9,7,51.0,50.04602341532146
2,75,No,4,4,50.0,50.732228267065814
5,43,No,5,6,29.0,27.606662058507148
1,51,Yes,8,8,27.0,26.755735944686464
2,87,No,4,9,67.0,63.89524386151375
9,84,No,6,6,79.0,81.1900554192242
6,60,Yes,4,3,46.0,47.304126241488156
1,41,No,7,3,12.0,14.541138584351714
7,96,No,5,3,84.0,86.63651013774626
9,52,No,7,4,49.0,48.73971165464549
3,72,Yes,5,0,46.0,50.85197999829015
8,78,No,7,0,70.0,71.56159513102698
6,52,No,4,1,37.0,38.17594108754718
7,74,No,7,1,64.0,64.83298984667316
8,77,Yes,7,9,70.0,72.87970658472537
4,56,No,7,2,37.0,38.16158191711303
9,45,No,7,4,42.0,41.62079426211495
1,76,Yes,7,3,54.0,50.74434222658082
9,46,No,6,2,37.0,41.77717809397052
4,47,Yes,7,0,28.0,29.233641923391957
2,94,No,7,8,72.0,72.25315426512256
8,51,No,5,2,44.0,43.5326936743863
1,90,Yes,5,5,67.0,64.41195692619044
2,82,Yes,6,6,60.0,59.797308190426406
9,66,No,9,3,61.0,63.73959796660856
5,85,No,9,4,73.0,71.84426946749437
8,47,No,9,5,40.0,41.94800113971128
3,98,No,5,9,76.0,78.41153946402491
6,56,Yes,5,4,45.0,43.90494637138324
4,60,Yes,7,8,45.0,43.98914004112446
7,79,Yes,9,6,72.0,72.43958769651951
2,85,Yes,7,8,64.0,63.70887715430257
7,53,No,6,8,42.0,44.342116275059084
5,90,No,9,7,74.0,77.50470478651067
3,42,No,4,5,20.0,20.215933073802155
5,82,Yes,6,7,72.0,68.5465914220948
5,48,Yes,8,1,35.0,33.77188697802433
3,67,Yes,8,6,52.0,48.348852104857556
8,76,No,8,8,70.0,71.53921174894174
6,40,No,9,9,29.0,29.891441652837685
1,76,Yes,4,5,48.0,49.697180656953094
8,59,Yes,9,8,55.0,55.33597053083455
3,73,No,6,4,52.0,52.50461876762511
2,57,Yes,7,0,34.0,33.698556052576066
9,91,Yes,4,5,89.0,87.77187508152807
2,66,No,9,5,45.0,44.15587333900132
9,88,No,6,7,89.0,85.44983965640648
9,42,Yes,9,6,41.0,40.5159921961462
3,59,No,7,7,43.0,39.31921979109194
1,56,No,6,2,31.0,29.127188642718902
9,67,Yes,5,6,62.0,64.03293123276447
4,66,Yes,5,4,48.0,48.36986050056734
1,99,Yes,9,2,76.0,74.8971223289403
8,80,Yes,4,2,70.0,73.15702663884153
2,79,Yes,4,8,56.0,56.176123508176154
2,75,Yes,5,3,53.0,51.62595498936796
7,43,Yes,6,8,35.0,34.780850965306165
7,59,Yes,5,9,55.0,50.767552105507384
7,91,No,8,1,82.0,82.59873071270931
4,64,No,7,3,44.0,46.48931895002705
4,75,No,6,3,61.0,57.19924765411305
6,80,No,7,3,69.0,68.46609799309923
8,79,No,8,8,75.0,74.59017634574053
8,77,Yes,5,8,69.0,71.73399217492226
8,82,Yes,6,5,76.0,76.72038032941158
4,51,Yes,5,8,36.0,33.88236328237551
2,67,Yes,6,6,44.0,44.542485206432396
5,92,Yes,8,0,79.0,78.32753628962288
3,41,No,4,1,18.0,18.431619109067043
8,48,No,5,4,40.0,40.86539196048859
8,70,Yes,6,7,64.0,64.90018482511746
8,65,No,4,8,57.0,58.44457562397437
4,93,Yes,7,1,73.0,76.20693051575746
7,92,No,9,7,86.0,85.24364904452179
3,57,No,7,6,33.0,37.09341195177552
2,65,No,6,0,40.0,40.74890348028684
6,91,Yes,9,4,86.0,81.40729927074102
2,62,No,4,9,40.0,38.4705388881904
3,56,No,4,5,32.0,34.45376785886323
9,67,Yes,8,8,68.0,65.84741856819437
3,73,Yes,6,9,50.0,54.072392654454255
9,52,No,6,5,50.0,48.454601611919756
1,76,Yes,7,2,51.0,50.55251078513027
1,60,No,9,5,32.0,35.20146021533109
8,68,No,5,9,64.0,62.16431314639999
2,73,No,7,2,52.0,49.745413438827676
1,87,Yes,8,7,64.0,63.175479664821545
1,52,No,5,8,24.0,25.733283011514164
9,80,Yes,4,4,75.0,76.39317345181524
9,92,Yes,7,3,93.0,89.83602485008872
4,96,Yes,4,0,76.0,77.63523921857691
7,75,No,7,1,66.0,65.8499780456061
7,93,Yes,5,6,87.0,84.7696565448755
8,64,No,5,0,56.0,56.36987737761335
1,51,No,8,3,23.0,25.18796205785732
5,83,Yes,5,6,69.0,68.89480669540093
2,98,Yes,4,2,75.0,74.34791063919863
7,99,Yes,9,1,91.0,91.82019446792548
8,56,No,9,3,49.0,50.7172320472066
5,84,No,8,0,70.0,69.58301401858299
7,63,No,6,1,50.0,53.16917817423462
3,56,Yes,6,4,36.0,35.82443606534166
5,56,No,8,0,40.0,41.107344448460836
4,45,Yes,7,4,25.0,27.96699129132827
3,92,Yes,5,3,71.0,71.76723830130045
9,67,Yes,4,3,64.0,62.98049542423656
5,42,Yes,7,8,30.0,28.535836390404267
7,46,No,7,4,37.0,36.93281460090264
4,90,Yes,5,5,74.0,72.96940871640831
6,94,Yes,7,7,86.0,84.07987522353892
5,98,Yes,8,3,86.0,85.00495980757212
8,66,No,4,7,59.0,59.26973238145676
9,89,Yes,5,3,86.0,85.83117728493738
7,41,Yes,9,0,32.0,32.64304748836476
7,99,Yes,8,8,95.0,92.68607307390302
7,56,No,4,5,46.0,45.86370357915371
9,97,No,5,7,95.0,94.12579196262661
4,59,Yes,8,0,42.0,41.91444179476344
4,76,No,7,9,57.0,59.84416598592553
4,66,No,6,7,50.0,48.81367962951882
6,89,Yes,8,9,78.0,79.8555385959516
7,86,Yes,9,1,84.0,78.59934788179733
3,73,Yes,8,1,54.0,53.49162409120244
1,59,Yes,8,5,34.0,34.3161472117983
7,85,No,8,7,77.0,77.64779016781497
5,94,Yes,7,8,79.0,81.41922273491683
3,70,No,5,1,49.0,48.4012183622984
7,94,Yes,4,2,86.0,84.54237749382999
2,66,No,9,4,42.0,43.96404189755077
7,56,Yes,8,3,49.0,47.99642331253413
7,45,Yes,7,2,36.0,36.14078019864504
3,61,Yes,8,3,42.0,41.67142858690832
9,46,Yes,4,4,44.0,41.81557468809549
7,65,Yes,8,2,56.0,56.95748566147999
8,74,Yes,8,1,67.0,68.77103194049847
4,88,No,9,7,72.0,72.61824445857219
5,47,No,7,9,34.0,33.20399214694306
9,60,Yes,4,3,56.0,55.86157803170602
4,50,Yes,5,8,32.0,32.86537508344257
7,80,No,8,6,74.0,72.37101773169977
5,68,No,4,8,52.0,52.93808843055531
7,99,No,6,6,89.0,90.73991054307297
7,81,No,8,1,72.0,72.42884872337997
8,78,Yes,8,3,76.0,73.2226476191313
6,68,Yes,9,7,61.0,58.59206501963517
8,61,No,5,7,54.0,54.661732870968365
6,98,No,5,9,87.0,86.96899125424278
1,78,No,5,1,50.0,50.83215609361663
6,62,Yes,8,5,49.0,51.6295314589602
7,67,Yes,5,2,58.0,57.56063760681704
8,43,No,6,4,36.0,36.25739245000019
8,42,No,4,0,31.0,33.51919551691253
8,62,Yes,5,6,58.0,56.095506308027176
6,45,No,4,5,36.0,31.824349460818816
4,69,Yes,4,1,53.0,50.36838928883824
5,65,No,9,6,53.0,51.88816837173678
6,57,Yes,8,3,46.0,46.160927581394446
2,73,No,4,0,50.0,47.930926103397766
9,83,Yes,6,8,80.0,81.16534678276876
4,82,Yes,8,6,68.0,66.45615901892418
1,99,No,6,9,76.0,74.20050128698888
2,70,No,7,9,48.0,48.037268932182684
6,62,No,5,7,50.0,49.973753209756055
9,52,Yes,7,6,52.0,49.731991217122996
5,60,No,6,9,44.0,45.94789724889493
3,58,No,7,0,37.0,36.959411502005196
8,54,No,4,2,48.0,46.10671678700883
4,51,Yes,9,0,36.0,34.255477687476244
9,54,Yes,8,6,55.0,52.24290909916513
3,89,No,9,3,69.0,70.01542296163032
4,40,No,9,9,25.0,24.186473792692446
3,75,Yes,6,4,57.0,55.147211845067396
6,99,Yes,5,9,93.0,88.59459613275212
8,93,No,7,3,86.0,87.39191243937262
4,98,Yes,7,2,82.0,81.48370295187269
2,77,No,7,8,52.0,54.96435488326268
2,90,No,9,0,67.0,67.60443290613901
8,56,No,7,0,50.0,49.187854754502425
9,54,No,8,0,49.0,50.48330377088545
4,75,No,8,9,61.0,59.304119271168865
3,68,No,7,9,46.0,48.855776464389436
5,77,No,8,2,61.0,62.84775950895354
3,71,No,4,5,52.0,49.70859084285724
1,46,Yes,4,7,21.0,19.571197571866165
8,51,Yes,9,0,44.0,45.66541340776672
1,51,Yes,8,0,26.0,25.22108441308211
3,44,No,6,9,26.0,23.971118205822744
7,67,Yes,5,0,59.0,57.176974723915954
9,51,No,9,0,47.0,47.909280658262915
8,90,Yes,7,2,84.0,84.7577330806997
4,57,Yes,4,7,38.0,39.315519550346295
7,83,No,6,0,73.0,73.31711071144275
6,99,No,9,4,90.0,88.93458818262806
9,77,No,7,1,72.0,73.58892230361721
5,60,No,7,0,44.0,44.6983557600163
5,74,No,5,5,63.0,58.94146478397755
6,97,Yes,5,4,87.0,85.60146252763354
3,78,Yes,5,8,57.0,58.48856072349211
5,57,Yes,4,5,41.0,41.784340597517826
6,83,Yes,7,1,71.0,71.74201638657337
9,51,No,6,1,44.0,46.67028764718465
2,79,No,6,6,58.0,56.137726914051186
9,93,Yes,8,3,92.0,91.32995453319793
2,71,No,9,3,47.0,48.857151450764896
2,66,Yes,4,0,45.0,41.420625390443654
5,88,No,6,9,77.0,74.42356681901708
3,74,Yes,4,1,50.0,52.600846353430285
8,45,Yes,9,9,44.0,41.289967187224015
7,70,Yes,8,4,60.0,62.42608953904575
1,82,Yes,9,6,56.0,58.3756487128826
4,63,Yes,5,9,47.0,46.278053111021265
6,93,No,6,6,84.0,81.78549741940273
9,89,Yes,9,8,90.0,88.69810042889519
4,59,No,8,3,42.0,41.88131943953865
6,86,No,6,5,74.0,74.47474858542165
5,73,No,6,0,56.0,57.44226086196817
3,77,No,7,3,57.0,56.85768160608257
3,67,Yes,4,6,46.0,46.441086168152474
9,79,No,9,2,77.0,76.76861311128616
5,58,No,8,8,47.0,44.67597237793106
4,57,No,5,4,36.0,38.608350030594515
6,68,Yes,9,5,59.0,58.20840213673408
5,83,No,5,7,67.0,68.47802145727505
1,50,Yes,6,2,24.0,23.63387612869772
9,56,No,6,6,52.0,52.71438584910204
9,96,No,7,1,90.0,92.91169808334294
4,63,Yes,7,6,48.0,46.65644175502217
9,97,Yes,6,2,93.0,94.25219291912657
9,56,No,7,9,57.0,53.76682165762995
9,57,Yes,8,3,51.0,54.7183793716123
3,79,No,9,5,63.0,60.22920385520207
8,48,No,9,0,37.0,42.00583213139149
3,86,Yes,4,0,67.0,64.61287329917495
5,99,Yes,9,3,88.0,86.49888949068132
5,97,No,9,4,81.0,84.04812785468958
5,47,No,8,8,35.0,33.489102189668785
1,42,Yes,5,5,15.0,15.59652337740961
7,91,No,8,7,79.0,83.74971936141257
1,43,No,7,7,20.0,17.342440748019754
8,48,No,6,0,39.0,40.575007678862676
2,48,Yes,8,8,26.0,26.557255277960284
8,97,Yes,7,5,92.0,92.45214479758187
4,73,No,4,6,54.0,54.78688261224627
7,57,Yes,7,7,49.0,49.303795793092974
4,50,No,5,6,33.0,31.873095520965066
7,46,No,6,4,37.0,36.455873116726366
5,42,Yes,6,0,26.0,26.524243374623637
6,81,Yes,4,5,71.0,69.04454130198086
5,60,Yes,4,2,44.0,44.259810869964994
7,40,No,8,8,31.0,32.07515265728348
9,41,Yes,4,9,35.0,37.68979090068354
4,47,Yes,7,5,31.0,30.19279913064468
2,70,No,7,0,48.0,46.310785959127784
6,55,No,8,6,43.0,44.093828828303785
4,64,No,8,0,45.0,46.39076610985168
2,50,Yes,7,9,29.0,28.306121633100425
5,55,Yes,4,9,37.0,40.51768996545414
5,61,Yes,7,3,48.0,46.899454962877286
2,44,No,6,1,18.0,19.58398274414577
1,98,No,6,7,74.0,72.79985020515485
7,92,Yes,8,4,85.0,84.7998299155703
1,62,No,8,1,36.0,35.9911693632185
7,49,No,4,4,36.0,38.55295474517263
7,95,No,7,2,86.0,86.38157346571532
7,73,Yes,8,2,64.0,65.09339125294346
3,43,No,4,9,24.0,22.000247038537267
6,55,Yes,9,1,44.0,44.22022978480376
2,63,No,4,3,39.0,38.336538438420064
7,64,Yes,8,6,56.0,56.707823228349234
6,88,No,7,5,76.0,76.9856664674638
7,57,No,8,2,46.0,48.212963390440095
1,49,Yes,4,5,22.0,22.238499285763872
1,80,Yes,7,4,55.0,55.0041264637631
1,57,Yes,9,8,37.0,33.33460662246034
7,58,Yes,7,9,46.0,50.704446874926994
2,57,No,5,5,35.0,33.09521361189982
1,87,Yes,4,4,63.0,60.692219403764824
1,63,No,6,0,36.0,35.86244315234835
8,59,Yes,6,4,55.0,53.13782031250356
2,95,No,6,8,70.0,72.79320097987922
6,95,Yes,7,3,83.0,84.32953765666966
5,76,Yes,9,1,64.0,62.72449803232276
6,54,Yes,9,5,42.0,43.970567351673004
7,78,No,5,0,69.0,67.75522823260181
2,90,Yes,5,0,68.0,66.30528364901033
2,40,No,7,9,18.0,17.527622964194663
8,60,Yes,7,1,56.0,54.05625567126113
5,84,No,6,9,69.0,70.35561402328534
4,50,Yes,8,5,34.0,33.72070521161976
9,51,No,7,1,44.0,47.147229131360916
1,53,Yes,9,6,30.0,28.882990943827515
7,45,No,8,8,36.0,37.16009365194816
7,65,Yes,6,3,55.0,56.195434134577994
8,92,Yes,7,8,90.0,87.94269812726881
1,61,No,6,5,34.0,34.78762396173521
3,48,Yes,7,0,28.0,27.398146192252273
5,48,No,8,8,31.0,34.50609038860172
2,54,Yes,8,9,34.0,32.85101591300844
7,66,No,8,1,59.0,57.17402573938596
5,96,Yes,4,6,82.0,81.6387117973528
2,86,Yes,8,0,61.0,63.66815530580742
9,45,No,7,9,46.0,42.57995146936767
9,66,Yes,5,3,62.0,62.440448709479895
3,95,No,9,0,76.0,75.5418578308763
2,42,No,5,9,20.0,18.60771639370799
9,55,No,8,8,50.0,53.03494350142274
7,44,Yes,5,7,35.0,35.12906623861228
5,72,Yes,6,5,55.0,57.99304654986438
4,83,No,4,5,66.0,64.76493316012507
1,85,No,5,6,57.0,58.910230693399896
1,90,Yes,9,3,67.0,65.93605997999444
9,49,No,8,7,47.0,46.74118286637459
3,91,Yes,8,5,71.0,72.56473743779743
5,40,Yes,4,5,25.0,24.495541215657948
3,78,No,5,6,59.0,57.49628116101459
7,85,No,9,8,78.0,78.31656309344179
7,84,Yes,4,8,76.0,75.52348415320392
3,83,Yes,4,3,64.0,62.13740302672778
7,45,Yes,6,6,38.0,36.431164480270944
6,66,Yes,6,3,53.0,54.359938403438306
7,90,Yes,4,9,83.0,81.81724478825207
8,40,No,7,7,36.0,34.25886366172929
4,87,Yes,5,9,75.0,70.68576988541167
2,89,No,4,7,67.0,65.54555737647853
1,58,No,6,8,34.0,32.31215368928804
5,47,No,4,9,30.0,31.773167694414244
8,94,No,8,6,92.0,89.46133644683346
7,64,Yes,7,0,54.0,55.07989309546969
9,93,Yes,9,6,97.0,92.38239034172582
9,58,Yes,7,7,55.0,56.02575185217115
6,87,Yes,5,7,72.0,76.00707486265583
3,89,Yes,7,8,74.0,70.62931388010692
4,95,No,9,1,78.0,78.58617320239946
1,47,No,8,1,24.0,20.736346379224493
6,52,Yes,8,9,45.0,42.226975235433045
8,44,No,5,8,38.0,37.56476493055902
8,64,Yes,6,3,53.0,58.03092986571768
3,98,Yes,7,4,79.0,79.01488190470116
6,81,No,4,8,65.0,69.01141894675608
2,96,No,8,2,72.0,73.61308349846144
8,64,No,6,1,56.0,57.03865030324017
7,50,No,9,5,42.0,42.146481806437464
1,70,Yes,4,0,44.0,42.636094256102766
7,69,Yes,6,9,63.0,61.414375579013
8,70,Yes,8,1,64.0,64.70307914476673
6,41,No,4,1,28.0,26.989070899284904
1,62,Yes,7,6,36.0,37.08200176587138
9,66,No,9,0,65.0,63.164103642256926
8,61,No,6,1,51.0,53.98768570644137
5,67,No,6,6,51.0,52.491320317073836
4,75,Yes,4,1,60.0,56.47031848243584
8,81,Yes,6,1,74.0,74.93606636467646
8,53,No,8,2,46.0,46.99749452478098
6,78,Yes,8,6,67.0,68.09317408333769
9,76,No,6,2,72.0,72.28682406195854
4,75,No,6,5,55.0,57.58291053701414
6,64,No,7,9,54.0,53.345275458875555
8,47,Yes,6,9,45.0,41.89311913256107
4,50,Yes,7,3,31.0,32.860100844542394
5,70,No,5,3,52.0,54.48984910534473
3,74,Yes,4,1,56.0,52.600846353430285
6,57,Yes,4,9,46.0,45.404150293392625
7,55,Yes,8,1,50.0,46.595772230700106
6,65,No,4,0,52.0,51.204956232224774
4,88,No,5,6,70.0,70.51864708041656
1,83,Yes,4,2,53.0,56.240603725132
4,70,Yes,7,0,53.0,52.624370498849444
2,54,Yes,8,6,31.0,32.2755215886568
1,52,Yes,9,6,28.0,27.866002744894587
3,97,Yes,6,1,75.0,76.94545789724032
5,68,Yes,7,7,53.0,54.785698121210004
7,40,Yes,6,2,33.0,30.578897719804097
2,97,No,5,9,73.0,74.54206733501937
2,85,No,5,1,63.0,60.80355741621979
2,81,No,4,6,59.0,57.21782034356451
1,62,Yes,5,4,37.0,35.744455914617745
4,78,Yes,7,8,59.0,62.29492762191727
7,82,Yes,5,4,70.0,73.19912347371215
7,56,Yes,9,4,46.0,48.665196238160945
6,72,No,5,8,62.0,60.33546664053594
2,63,Yes,4,6,42.0,39.520649442348116
6,60,Yes,7,4,50.0,48.92678213546752
2,81,No,5,2,58.0,56.9274360619386
6,96,No,9,6,86.0,86.26728646873036
4,57,Yes,8,1,41.0,40.072296838348116
5,94,No,9,2,84.0,80.61350037498968
7,77,No,8,8,70.0,69.70371601780205
6,90,No,7,0,77.0,78.06048565807694
1,82,No,4,6,52.0,55.382324612424824
4,92,No,9,5,77.0,76.30253437140283
5,47,No,8,4,34.0,32.72177642386661
7,42,Yes,6,3,35.0,32.804705559120514
8,45,Yes,6,1,40.0,38.324491203090844
1,61,No,8,3,33.0,35.35784404718666
2,69,Yes,5,2,43.0,45.33219435431981
1,60,No,6,1,29.0,33.003309997000095
4,62,No,6,7,43.0,44.74572683378709
4,78,No,8,3,61.0,61.204095219264396
3,79,Yes,7,5,60.0,59.88393756642595
6,91,Yes,8,9,83.0,81.88951499381747
2,99,Yes,5,2,75.0,75.84184032230783
4,40,Yes,6,6,20.0,22.78877169538842
4,44,Yes,7,6,27.0,27.333665975296423
7,90,Yes,5,7,82.0,81.91052338952724
9,44,Yes,5,6,41.0,40.64220265730698
9,64,Yes,9,5,63.0,62.697901131220206
6,78,Yes,4,2,70.0,65.41808238083043
2,84,No,9,8,65.0,63.03715524414576
8,96,No,4,3,90.0,89.0120525836426
6,85,No,4,3,75.0,72.12021453523508
6,68,Yes,6,4,56.0,56.585746242754716
8,69,Yes,5,5,62.0,63.022592259107164
6,91,Yes,9,7,81.0,81.98279359509266
9,98,Yes,8,9,93.0,97.56588417656587
6,40,Yes,4,4,23.0,27.156193704280025
3,84,Yes,5,4,65.0,63.82316415128753
4,63,No,7,0,43.0,44.89683642674248
9,68,No,8,2,70.0,65.10480143884762
7,63,No,6,1,54.0,53.16917817423462
9,61,No,4,8,59.0,57.229106758315254
9,67,Yes,7,4,65.0,64.60315131821592
7,94,No,9,1,84.0,86.12663679368438
2,92,No,4,1,69.0,67.44553332457406
9,58,No,8,7,59.0,55.89407665677099
8,74,Yes,4,9,65.0,68.39791753539774
8,47,Yes,6,8,42.0,41.70128769111052
5,88,Yes,7,5,72.0,74.74179921696759
1,57,No,8,3,30.0,31.289891251454925
7,47,Yes,4,7,39.0,37.703089351234816
7,72,Yes,5,8,63.0,63.79656725018498
8,90,Yes,7,5,88.0,85.33322740505133
8,45,No,9,0,38.0,38.954867534592694
3,80,No,6,1,61.0,59.048041835804014
1,82,Yes,9,4,62.0,57.991985829981516
3,73,No,8,4,50.0,53.458501735977656
6,98,Yes,6,4,87.0,87.09539221074274
8,84,Yes,8,8,82.0,80.28373401998162
1,76,Yes,8,0,50.0,50.645789386405454
5,59,No,8,5,43.0,45.11746625251236
4,72,Yes,9,5,55.0,56.571387072320576
8,98,Yes,7,0,97.0,92.50997578926209
9,94,Yes,4,8,93.0,91.3983340026785
9,76,Yes,7,1,73.0,73.18055078426069
6,55,Yes,6,6,45.0,43.74856253952767
8,71,No,6,3,64.0,64.5412305786718
5,53,Yes,8,8,40.0,40.19964806284281
5,59,No,5,1,43.0,42.919316034181364
2,44,Yes,7,4,19.0,21.245035232250096
3,85,Yes,9,0,68.0,65.98059252112338
3,92,No,5,4,71.0,71.35045306317458
2,40,No,9,8,16.0,18.28967449109666
7,95,No,8,9,94.0,88.2013350400454
9,78,Yes,4,3,74.0,74.16736561249883
8,95,No,7,6,90.0,90.00138316159011
1,72,Yes,6,2,46.0,46.007616505222266
2,89,No,9,6,68.0,67.73843335590934
6,44,No,8,0,29.0,31.755969991338244
1,78,No,9,0,53.0,52.548090588871176
5,56,Yes,4,7,39.0,41.15101528148598
2,76,No,9,6,56.0,54.5175867697812
5,89,No,4,6,69.0,73.91117772524584
8,48,No,9,6,46.0,43.15682078009476
7,96,Yes,7,2,89.0,88.00717834422468
4,51,Yes,4,0,30.0,31.87077026659488
2,52,No,8,4,27.0,29.249265628313424
3,40,Yes,8,4,20.0,20.506507850767257
5,56,Yes,8,8,43.0,43.25061265964162
8,47,No,7,7,38.0,41.37778105425983
9,81,Yes,7,3,78.0,78.64915466182644
9,87,Yes,6,5,85.0,84.65780525414887
6,77,Yes,6,9,65.0,66.69779724040384
8,56,Yes,6,3,50.0,49.895024274254204
7,62,No,7,6,52.0,53.588288666730676
4,77,Yes,7,9,61.0,61.46977086443488
3,79,No,8,1,60.0,58.98493660522362
5,51,Yes,5,7,38.0,36.543015770997584
7,64,No,4,3,46.0,53.61594628771609
5,56,No,5,8,41.0,41.21117152753638
1,67,Yes,4,6,39.0,40.736118308007235
7,47,No,5,0,38.0,36.22859406568085
4,54,Yes,6,8,39.0,37.41026936335058
2,86,No,7,2,63.0,62.966260024955815
6,96,No,6,3,82.0,84.26096769184991
4,45,No,7,1,25.0,26.782880287400214
5,84,Yes,4,2,73.0,68.6675276443554
7,60,No,7,8,52.0,51.9379751517659
4,43,No,9,2,25.0,25.894618299337438
3,96,Yes,7,1,72.0,76.40541118248365
8,70,Yes,7,5,68.0,64.99346342639265
8,45,Yes,4,0,37.0,37.17877679328775
3,46,No,5,8,27.0,25.336321678061793
8,76,Yes,8,6,70.0,71.76416554561706
4,83,No,5,3,64.0,64.85821176140026
4,42,No,5,4,22.0,23.353527046600504
5,61,Yes,5,8,48.0,46.90472920177747
2,54,No,7,0,30.0,30.03897477620084
2,41,Yes,6,6,19.0,18.100792034176116
2,67,Yes,5,7,41.0,44.25737516370667
5,62,Yes,9,4,47.0,49.06215757161331
5,78,Yes,4,1,60.0,62.37376700930726
1,54,Yes,8,5,28.0,29.231206217133632
1,87,Yes,7,5,64.0,62.31487529774418
3,84,No,6,6,61.0,64.07515183878847
1,92,Yes,4,6,67.0,66.16082328133058
4,81,Yes,7,0,65.0,63.81124068711172
7,93,No,6,2,84.0,83.87065558367317
8,62,No,5,1,53.0,54.527732421198024
2,90,Yes,6,9,68.0,68.50870810624151
9,43,Yes,9,1,38.0,40.57382318782641
2,86,Yes,8,3,69.0,64.24364963015906
9,87,No,8,9,89.0,85.77039730872717
7,89,No,5,5,78.0,79.9012556281168
5,66,No,6,8,51.0,51.85799500104199
7,65,Yes,9,6,57.0,58.20175291145844
5,69,No,6,0,57.0,53.37430806623643
1,69,No,8,8,44.0,44.45290684590286
5,45,Yes,6,0,28.0,29.575207971422437
3,42,Yes,6,8,21.0,22.35392704608276
4,41,Yes,8,7,23.0,24.951474304124442
5,76,Yes,6,5,62.0,62.060999345596116
1,49,No,6,8,24.0,23.15925989889163
3,82,Yes,5,1,60.0,61.213693429070034
9,76,No,7,2,71.0,72.7637655461348
5,70,No,7,4,53.0,55.635563515147815
4,43,Yes,6,9,25.0,26.415230616538853
5,86,Yes,6,3,74.0,71.84721845202436
4,44,Yes,9,9,28.0,28.863043268000602
2,46,No,9,2,24.0,23.240615035991
8,68,Yes,5,1,58.0,61.23827829437205
3,96,No,5,5,74.0,75.61023730035686
1,96,No,9,5,69.0,71.8130353769167
7,89,Yes,4,0,79.0,79.07377361626423
1,94,Yes,6,3,71.0,68.57318832319736
8,83,No,7,8,79.0,78.181187657296
5,85,No,8,9,68.0,72.32648519057082
8,56,Yes,5,7,51.0,50.185408555880116
1,76,No,5,8,50.0,50.140999785904576
4,83,Yes,6,3,66.0,65.94376992515295
5,74,Yes,7,1,59.0,59.73663866610434
7,67,Yes,9,6,61.0,60.23572930932431
1,86,No,5,4,57.0,59.54355600943174
5,96,No,6,2,81.0,81.21665232032674
6,89,No,7,7,79.0,78.38631754929781
2,98,No,7,9,77.0,76.51293850230485
7,84,No,7,0,76.0,74.81104039455195
6,99,Yes,5,6,85.0,88.01910180840049
3,99,Yes,6,8,83.0,80.32225438526
3,63,No,7,9,46.0,43.770835469724766
7,41,Yes,6,8,34.0,32.7468745674403
3,64,Yes,6,0,43.0,43.19301589100294
7,68,Yes,7,5,60.0,60.10700309845416
6,68,Yes,7,2,58.0,56.679024844029904
3,60,Yes,8,2,38.0,40.46260894652484
7,65,Yes,7,0,53.0,56.09688129440263
2,76,Yes,4,7,51.0,52.9333274699268
3,65,Yes,4,0,44.0,43.256121121583334
5,85,No,6,1,72.0,69.83795069061392
6,81,No,7,2,68.0,69.29125475058163
7,81,No,4,5,71.0,71.28840855247705
1,59,Yes,7,4,31.0,33.64737428617149
7,88,Yes,6,8,82.0,80.5453199172882
1,64,No,8,7,42.0,39.176134409787636
4,94,Yes,8,2,73.0,77.89269164031722
1,91,Yes,9,5,67.0,67.33671106182847
5,70,No,8,0,56.0,55.34517923352191
7,40,No,8,2,30.0,30.92416400858022
5,56,Yes,8,9,45.0,43.44244410109216
9,45,Yes,7,4,43.0,42.22941094169137
7,47,Yes,5,7,38.0,38.18003083541109
3,91,Yes,9,8,72.0,73.61717324632534
8,91,No,4,5,84.0,84.31077447187901
2,81,No,9,2,61.0,58.83520199864369
2,66,No,6,9,43.0,43.49237465227468
8,69,Yes,4,8,63.0,63.12114509928253
3,90,Yes,6,2,68.0,70.01837194616033
8,84,Yes,5,0,76.0,77.31825803584846
6,58,Yes,4,5,48.0,45.653812726523384
4,62,No,6,7,45.0,44.74572683378709
6,44,No,5,1,34.0,30.516976980259976
5,85,Yes,5,8,70.0,71.31244597616788
1,56,Yes,8,5,31.0,31.265182614999503
2,90,Yes,7,6,64.0,68.41015526606616
3,52,Yes,5,7,37.0,31.85503610978528
8,51,No,7,8,43.0,45.637565291442115
7,66,No,9,8,61.0,58.99378731371604
1,46,No,8,1,18.0,19.719358180291557
8,78,Yes,6,1,74.0,71.88510176787767
5,80,No,6,6,67.0,65.71216690320198
3,67,Yes,9,0,50.0,47.67480494033056
2,80,Yes,4,3,59.0,56.23395449985636
9,70,No,8,8,69.0,68.28976648541675
5,97,Yes,9,9,86.0,85.61590174151873
2,70,No,6,0,43.0,45.83384447495151
7,82,No,7,4,70.0,73.54438976248827
7,93,No,8,7,87.0,85.78369575927844
9,41,Yes,8,6,38.0,39.02206251303699
6,73,Yes,8,1,61.0,62.0490758814203
5,92,No,5,9,78.0,78.01457813057254
2,55,Yes,6,3,29.0,31.763132494885554
3,63,No,6,1,42.0,41.75924245394414
7,90,Yes,7,2,85.0,81.90524915062707
6,82,Yes,9,8,72.0,73.0217312461468
6,64,No,9,9,52.0,54.2991584272281
2,78,Yes,8,8,60.0,57.06690124594831
4,56,No,9,3,40.0,39.30729632691612
9,46,No,4,5,40.0,41.398789449969605
7,72,No,9,6,62.0,64.71205362441256
2,84,No,4,9,61.0,60.84427926471494
4,97,No,9,5,80.0,81.3874753660675
7,87,No,5,8,78.0,78.44277355460257
4,98,No,4,3,79.0,79.636093261218
9,69,Yes,6,8,67.0,66.9275119977077
4,64,Yes,8,9,50.0,48.72586576248301
2,96,Yes,9,8,75.0,75.84963031091739
2,97,No,8,1,74.0,74.43824025594381
4,90,Yes,9,6,72.0,75.06900609456393
9,54,No,5,3,53.0,49.62797364270827
8,63,Yes,4,3,60.0,56.0600586984322
8,75,Yes,8,3,72.0,70.1716830223325
2,90,No,4,4,65.0,65.98705125105982
6,54,No,7,2,41.0,41.83257337939241
3,73,No,6,7,51.0,53.08011309197674
2,64,No,6,3,42.0,40.307409605705544
3,44,No,7,5,23.0,23.680733924196836
7,79,Yes,7,5,68.0,71.29387328671643
4,52,No,4,2,34.0,32.66280466885249
9,91,No,7,0,87.0,87.63492564722773
3,66,No,4,6,45.0,44.81548128964312
7,73,No,7,5,65.0,64.5833274135424
6,50,No,5,8,36.0,37.96172626401139
7,75,Yes,4,5,66.0,65.79509603845588
8,78,No,6,4,72.0,71.85197941265288
1,57,No,7,6,31.0,31.388444091630287
9,60,Yes,6,1,55.0,56.43179811715747
4,45,Yes,4,8,28.0,27.303492604601633
2,65,Yes,8,1,43.0,42.50323456966635
4,92,Yes,9,5,77.0,76.91115105097926
4,99,No,6,4,80.0,81.798795869954
7,57,No,6,9,52.0,48.601900512241365
5,91,Yes,6,3,78.0,76.93215944668904
2,69,No,9,0,45.0,46.247680728547394
7,63,No,7,5,56.0,54.413445424213066
9,58,Yes,4,3,53.0,53.827601633840146
6,54,No,9,7,45.0,43.745613554997675
8,53,No,8,4,49.0,47.381157407682075
5,56,Yes,9,8,43.0,43.72755414381788
7,79,No,9,0,73.0,70.67998236823983
3,61,No,6,1,42.0,39.72526605607827
9,83,No,9,8,85.0,81.98755455572116
1,62,No,9,5,35.0,37.23543661319695
3,54,No,9,7,35.0,35.188161764779814
6,54,No,7,1,40.0,41.64074193794186
1,99,Yes,9,8,77.0,76.04811097764357
7,64,Yes,7,8,53.0,56.61454462707405
1,49,Yes,8,3,24.0,23.76260233956787
7,66,No,6,7,57.0,57.371131419736685
6,59,Yes,7,4,47.0,47.909793936534584
1,80,No,5,4,58.0,53.441626815834134
6,95,Yes,8,9,88.0,85.9574677895492
1,98,Yes,8,2,75.0,73.4031926458311
3,48,No,7,5,30.0,27.748686719928575
4,96,No,8,2,82.0,79.31805135860667
1,50,Yes,4,1,19.0,22.48816171889463
5,55,Yes,8,0,44.0,40.69897292910432
3,90,Yes,7,1,68.0,70.30348198888605
8,57,No,5,2,50.0,49.6346228679839
8,69,No,8,2,65.0,63.26930570770793
4,57,Yes,9,4,43.0,41.124732646876026
4,79,No,5,6,63.0,61.36575329002015
7,64,No,4,5,50.0,53.999609170617184
2,66,Yes,5,6,42.0,43.04855552332319
9,43,No,8,9,45.0,41.02291655567807
4,87,No,8,5,74.0,70.74065189256189
6,89,Yes,5,2,80.0,77.08189405326897
1,61,No,8,6,38.0,35.93333837153829
9,46,Yes,7,8,42.0,44.013724906426475
8,85,Yes,6,1,77.0,79.0040191604082
4,92,No,8,5,76.0,75.82559288722656
4,87,No,8,4,71.0,70.54882045111135
8,91,Yes,6,7,86.0,86.25693700270908
3,94,Yes,5,1,74.0,73.41755181626525
3,45,No,6,7,23.0,24.60444352185459
9,54,No,5,8,49.0,50.587130849960985
9,86,Yes,6,4,83.0,83.44898561376539
9,44,No,4,0,41.0,38.40565584485102
2,68,Yes,8,9,45.0,47.08885069806951
5,75,No,7,0,63.0,59.95317874401031
8,87,No,8,2,82.0,81.57509328850074
2,42,No,7,8,21.0,19.369767920609988
9,81,Yes,6,2,77.0,77.98038173619963
9,95,No,6,0,90.0,91.2259369587832
1,68,Yes,4,4,42.0,41.36944362403908
1,74,No,7,1,50.0,47.71808626623744
2,66,No,8,6,41.0,43.870763296275584
3,81,Yes,9,1,60.0,62.10447116684218
6,83,No,4,3,71.0,70.08623813736922
9,67,Yes,7,1,63.0,64.02765699386428
7,51,No,8,2,45.0,42.111034196842496
1,89,No,5,6,67.0,62.97818348913163
5,66,Yes,5,4,51.0,51.22234443063996
1,81,No,9,7,54.0,56.94187527582379
5,48,No,5,5,32.0,32.49977161172127
6,54,Yes,6,9,43.0,43.30706866494637
2,44,No,7,9,18.0,21.595575759926398
2,86,Yes,6,2,62.0,63.097935220355964
6,56,No,6,7,42.0,44.34876550033472
6,51,Yes,4,7,39.0,38.918558216893935
4,68,Yes,5,5,51.0,50.59566833988375
7,91,No,4,3,83.0,81.07462765890531
3,58,No,4,1,35.0,35.72041849092692
3,56,Yes,4,8,37.0,35.63787886279129
9,60,No,8,8,58.0,58.11988449608741
5,70,Yes,9,7,57.0,57.77355748742842
5,77,No,7,0,62.0,61.98715514187618
7,65,Yes,6,9,57.0,57.34642278328126
4,66,No,8,0,47.0,48.42474250771755
3,57,Yes,5,7,38.0,36.93997710444995
9,65,No,5,1,62.0,60.431180948069446
4,74,No,7,3,53.0,56.65920093935639
6,52,Yes,9,9,41.0,42.70391671960932
7,53,No,9,4,44.0,45.005614961785724
6,53,Yes,6,6,37.0,41.7145861416618
6,45,Yes,5,3,36.0,32.526244741670425
6,75,No,4,6,63.0,62.52582687025738
4,97,No,5,9,82.0,80.2470351951646
6,98,No,4,4,84.0,85.53289256281377
3,72,No,7,9,54.0,52.92372926012117
2,98,No,8,7,80.0,76.60621710358002
8,57,Yes,6,7,54.0,51.67933823898932
8,66,No,7,2,59.0,59.74139962673286
4,66,Yes,8,6,51.0,50.184347835997244
5,59,Yes,6,8,45.0,45.34769428808787
5,79,Yes,9,2,65.0,65.9672940705721
6,77,Yes,8,9,64.0,67.65168020875639
1,83,No,6,0,59.0,56.20220713100703
9,47,No,4,0,41.0,41.45662044164982
6,66,Yes,8,1,55.0,54.93015848888976
1,42,No,9,2,12.0,16.320178310186648
3,88,Yes,9,9,70.0,70.75804009097709
5,80,No,8,9,69.0,67.24154419590616
2,71,Yes,5,4,47.0,47.74983363508677
4,72,Yes,8,9,56.0,56.86177135394648
9,77,No,4,0,69.0,71.96626640963784
7,90,Yes,8,2,81.0,82.38219063480335
1,49,Yes,9,9,24.0,25.39053247244741
3,84,Yes,5,2,63.0,63.43950126838644
8,73,No,5,4,68.0,66.29009693381194
8,81,No,4,3,70.0,73.75722959964858
5,66,Yes,5,5,49.0,51.4141758720905
4,56,Yes,5,1,42.0,37.62448418688636
5,55,Yes,6,8,40.0,41.27974149235614
6,84,Yes,4,5,72.0,72.09550589877966
3,48,Yes,6,6,28.0,28.07219335677927
9,58,Yes,7,2,54.0,55.06659464491842
3,71,No,5,3,48.0,49.80186944413242
7,50,Yes,6,4,42.0,41.13244259203453
6,61,No,6,0,48.0,48.09088640484558
8,49,No,9,1,41.0,43.214651771774975
2,60,No,6,6,38.0,36.81495113432544
9,94,Yes,8,5,93.0,92.73060561503195
7,40,No,6,2,33.0,29.970281040227675
5,84,No,5,3,66.0,68.7276838904058
9,55,Yes,5,7,50.0,52.020904287019796
7,71,Yes,5,8,62.0,62.77957905125204
4,87,Yes,6,3,73.0,70.01172272088468
6,73,Yes,6,2,61.0,61.2870243545183
1,53,Yes,4,2,29.0,25.730957757143983
5,48,Yes,8,6,33.0,34.73104418527706
9,89,Yes,9,4,88.0,87.93077466309302
6,66,No,6,9,56.0,54.902310372565154
6,62,Yes,5,8,47.0,50.77420133078302
3,93,Yes,7,1,73.0,73.35444658568485
6,44,No,8,3,32.0,32.33146431568988
1,81,No,6,4,54.0,54.93555649894334
5,92,No,4,8,78.0,77.34580520494572
2,48,Yes,9,1,23.0,25.691376671982745
4,89,No,6,3,71.0,71.43708243917413
1,71,Yes,4,1,41.0,43.84491389648625
6,91,No,6,2,77.0,78.98419525573469
4,99,No,9,5,86.0,83.42145176393338
3,97,Yes,9,1,80.0,78.37628234976913
9,96,Yes,5,8,96.0,93.90925188472065
5,42,Yes,6,9,25.0,28.25072634767854
6,80,Yes,8,4,70.0,69.74348759830247
8,91,Yes,7,6,90.0,86.5420470454348
3,83,No,6,2,66.0,62.29083787405336
1,52,Yes,7,0,27.0,25.761131127838773
4,88,No,4,0,69.0,68.89071694753702
8,55,No,8,3,49.0,49.22330236409739
6,47,No,9,8,37.0,36.81852760391767
6,51,No,9,1,40.0,39.54366030949561
6,55,No,4,6,41.0,42.1860628915987
1,99,Yes,7,3,77.0,74.1350708020383
2,52,Yes,8,9,31.0,30.817039515142568
8,94,No,8,6,88.0,89.46133644683346
1,67,No,9,3,41.0,41.93671472496054
7,86,Yes,5,5,76.0,77.45890771089442
6,88,Yes,5,8,75.0,77.21589450303931
5,95,Yes,9,0,81.0,81.85544237059796
6,53,No,9,9,46.0,43.11228823896583
8,44,No,4,3,37.0,36.12866623913003
7,91,Yes,4,9,82.0,82.834232987185
4,87,Yes,9,7,73.0,72.20987293921567
5,69,Yes,6,0,52.0,53.98292474581285
7,45,No,8,3,36.0,36.20093644469543
7,53,No,9,1,41.0,44.43012063743409
9,54,Yes,4,4,48.0,49.951480279558965
8,66,Yes,7,7,64.0,61.309173513562
6,43,Yes,4,3,30.0,30.01532685962828
1,98,No,9,0,72.0,72.88785456752986
3,66,No,9,9,46.0,47.77568303487611
9,81,Yes,7,9,82.0,79.80014331052972
6,51,No,4,4,36.0,37.734447212965875
4,63,Yes,9,9,46.0,48.18581904772635
9,42,Yes,8,9,44.0,40.614545036321566
1,46,Yes,9,4,23.0,21.38041066839589
6,79,No,9,6,71.0,68.97848708687047
7,69,No,9,2,63.0,60.89376326181158
7,40,No,6,0,31.0,29.586618157326583
9,58,No,7,5,52.0,55.033472289693634
9,51,No,8,3,47.0,48.00783349843828
1,83,No,5,3,59.0,56.300759971182394
8,99,No,4,8,97.0,93.02217438769412
1,91,No,8,1,63.0,65.48382713227359
2,75,Yes,7,3,53.0,52.57983795772051
2,74,No,5,1,51.0,49.61668722795752
4,90,Yes,6,8,74.0,74.0218445249362
6,53,Yes,6,9,40.0,42.290080466013436
8,94,Yes,6,5,90.0,88.9242387166068
6,70,Yes,7,2,59.0,58.71300124189577
9,83,No,7,3,76.0,80.07451438011589
3,59,No,4,2,34.0,36.9292381313104
1,77,No,8,7,51.0,52.39698099591578
5,61,No,7,0,47.0,45.715343958949234
9,46,Yes,7,3,40.0,43.05456769917376
6,81,Yes,4,1,67.0,68.27721553617869
5,77,Yes,5,8,64.0,63.17654038470441
8,58,No,7,5,54.0,52.18098835962101
5,84,Yes,5,0,69.0,68.76080624563059
5,90,Yes,5,9,75.0,76.5892184122831
7,97,No,4,1,86.0,86.79289396960183
7,86,No,9,1,78.0,77.99073120222091
7,53,No,8,8,47.0,45.29599924341163
2,40,No,8,1,16.0,16.46991291676658
7,95,Yes,8,4,84.0,87.8507945123691
1,41,No,7,3,12.0,14.541138584351714
7,90,Yes,6,4,81.0,81.81197054935188
1,82,Yes,5,5,54.0,56.27605133472697
5,96,No,4,1,79.0,80.07093791052365
3,76,No,9,8,57.0,57.753733582754904
2,55,Yes,8,8,38.0,33.67617267049082
3,41,No,8,7,19.0,21.4903736944754
7,43,No,5,3,32.0,32.73613559430075
8,56,No,8,8,52.0,51.19944777028305
6,41,Yes,5,8,30.0,29.41744915319141
3,55,No,5,7,36.0,34.29738402700766
3,80,No,8,8,59.0,61.34474489431037
4,43,No,8,2,25.0,25.417676815161165
1,71,Yes,6,5,50.0,45.56612263064097
9,60,Yes,7,7,60.0,58.05972825003701
7,90,No,4,8,77.0,81.0167966672251
7,47,No,8,1,40.0,37.85124995966021
2,67,Yes,6,9,47.0,45.117979530784034
4,65,Yes,9,2,48.0,48.876975355438404
2,98,No,9,7,78.0,77.08315858775629
5,41,No,8,4,26.0,26.619847230269006
8,76,Yes,5,1,68.0,69.37418388583552
1,53,Yes,6,0,25.0,26.301177842595433
2,48,No,4,0,18.0,22.506221130074422
3,78,Yes,6,1,58.0,57.622682117514564
9,58,Yes,4,2,54.0,53.63577019238961
1,93,Yes,5,9,69.0,68.23024728879142
6,71,Yes,6,9,61.0,60.595868046806245
5,44,No,6,0,30.0,27.94960309291308
1,66,Yes,9,3,41.0,41.528343205604024
6,91,Yes,4,1,78.0,78.44709752550803
9,43,Yes,9,9,45.0,42.10847471943077
1,60,No,5,1,32.0,32.52636851282382
3,79,Yes,9,2,60.0,60.26232621042686
1,48,Yes,7,0,24.0,21.69317833210703
8,41,Yes,5,0,34.0,33.58776548173229
4,87,No,4,0,62.0,67.87372874860408
8,69,No,7,1,63.0,62.60053278208111
3,58,Yes,5,0,34.0,36.614145213229065
4,87,No,5,0,69.0,68.35067023278036
7,85,No,9,5,77.0,77.74106876909016
3,66,No,6,8,44.0,46.153027140896754
1,57,Yes,5,0,29.0,29.8921891541509
6,72,Yes,7,5,60.0,61.32247196411327
4,49,No,8,7,30.0,32.47876321601149
3,93,Yes,9,5,75.0,75.07565531983957
6,55,No,6,9,45.0,43.71544018430288
3,64,Yes,4,7,46.0,43.58195301280421
3,93,Yes,9,1,73.0,74.30832955403739
4,62,No,9,5,44.0,45.792888403414814
1,59,Yes,5,4,34.0,32.693491317818946
1,48,No,9,2,23.0,22.422107503784247
5,51,No,7,1,32.0,35.73729341107044
5,90,Yes,8,7,75.0,77.63637998191084
6,82,Yes,7,2,74.0,70.91685962909098
2,70,Yes,9,3,48.0,48.44877993140838
2,45,Yes,6,3,21.0,21.593250505556213
2,69,No,8,0,46.0,45.77073924437112
8,60,No,5,2,49.0,52.6855874647827
8,58,No,5,3,50.0,50.84344250836738
2,70,Yes,7,7,54.0,48.26222272885802
8,40,No,6,3,31.0,33.014596411750844
3,57,No,6,3,37.0,36.04097614324762
2,60,No,9,0,35.0,37.09478693815099
3,94,No,5,6,75.0,73.76809234394153
9,44,Yes,8,6,39.0,42.07302710983579
7,74,Yes,6,9,66.0,66.49931657367766
3,82,Yes,7,8,64.0,63.51039648757639
1,78,No,8,0,54.0,52.0711491046949
7,54,No,6,7,44.0,45.16727303254147
6,65,Yes,6,1,54.0,52.959287321604286
7,80,No,6,9,68.0,71.99262908769884
9,50,No,8,1,47.0,46.60718241660425
9,55,No,7,7,51.0,52.36617057579592
6,92,No,5,2,80.0,79.52424197049135
4,67,Yes,6,3,49.0,49.671958742226
9,42,No,7,3,40.0,38.3779982238656
5,78,Yes,7,9,67.0,65.33924299344044
7,54,Yes,4,9,46.0,45.20566962666644
3,96,Yes,9,4,80.0,77.93478847518783
4,77,Yes,9,7,62.0,62.03999094988634
3,86,Yes,6,9,68.0,67.2932392405824
9,49,No,5,3,41.0,44.54303264804359
6,64,Yes,4,3,50.0,51.3720790372199
9,41,Yes,7,7,32.0,38.736952470311266
3,98,Yes,7,8,81.0,79.78220767050334
1,53,Yes,7,9,31.0,28.504602299826608
1,51,Yes,5,2,22.0,24.173922843454385
8,83,Yes,4,1,74.0,76.01615979418979
6,79,Yes,9,9,77.0,70.16259809079853
2,40,Yes,5,3,17.0,16.03136802671527
5,40,No,6,4,26.0,24.648976062983525
8,97,Yes,9,0,90.0,92.44687055868168
1,93,No,8,5,68.0,68.28512929594163
4,81,Yes,8,4,66.0,65.05550793709017
7,81,No,6,9,72.0,73.00961728663178
6,74,Yes,9,1,63.0,63.54300556452951
4,46,Yes,5,4,30.0,28.03009652190866
9,46,No,7,5,43.0,42.82961390249842
1,99,Yes,4,6,73.0,73.27974067386111
8,77,No,9,0,71.0,71.49848990044659
5,67,No,8,4,53.0,53.06154040252529
3,73,Yes,7,8,53.0,54.35750269717998
8,60,Yes,6,2,52.0,53.77114562853539
4,46,No,8,4,28.0,28.852304294861053
3,83,No,7,0,61.0,62.38411647532854
4,96,Yes,8,9,82.0,81.2694881283369
8,85,Yes,8,7,83.0,81.10889077746401
8,97,Yes,5,7,91.0,91.8819247121304
8,82,No,8,7,77.0,77.44930950108879
6,54,No,8,6,44.0,43.07684062937086
4,64,No,6,1,44.0,45.62871458294969
2,84,No,7,9,63.0,62.27510371724376
9,61,No,8,2,57.0,57.98588404631707
7,58,No,4,2,48.0,47.32218565266794
9,73,No,4,4,66.0,68.66563937970828
2,86,No,9,7,64.0,64.87930020056109
5,57,No,7,7,44.0,42.990211253371314
2,77,Yes,8,6,55.0,55.66625016411428
9,67,No,4,4,57.0,62.56371018611068
2,48,Yes,8,0,27.0,25.022603746355927
2,44,Yes,5,9,22.0,21.250309471150274
1,94,Yes,4,7,70.0,68.386631120647
3,48,Yes,9,7,25.0,29.694849250758633
8,63,No,5,6,56.0,56.50387782738369
3,89,Yes,8,8,65.0,71.1062553642832
1,91,No,7,6,66.0,65.96604285535004
4,44,No,6,1,26.0,25.288950604291006
3,95,Yes,5,1,74.0,74.43454001519817
2,53,Yes,5,9,26.0,30.403203261546686
8,65,Yes,8,4,60.0,60.1936324744537
6,54,Yes,6,0,43.0,41.580585691891464
3,61,No,4,5,41.0,39.5387088535279
2,64,Yes,7,0,42.0,40.8174734451066
4,89,No,4,3,71.0,70.48319947082159
5,63,No,6,0,49.0,47.27237887263883
4,45,No,7,7,28.0,27.933868936103483
2,75,Yes,8,2,54.0,52.86494800044623
6,69,No,8,0,60.0,57.1806749646616
2,52,No,8,4,31.0,29.249265628313424
8,80,No,5,1,74.0,72.83352000199085
6,41,No,9,3,29.0,29.75744120306735
7,46,No,5,2,36.0,35.59526874964901
1,79,No,4,1,52.0,51.372202808373295
6,67,No,4,8,53.0,54.773584161695
1,58,No,8,0,29.0,31.731385126036223
7,85,Yes,9,7,80.0,78.73334833156767
1,53,Yes,8,5,29.0,28.214218018200697
4,55,No,7,0,41.0,36.76093083527901
9,73,Yes,4,5,68.0,69.46608750073526
8,87,Yes,5,6,78.0,81.52021128135053
9,42,Yes,9,3,37.0,39.94049787179457
7,81,No,6,8,73.0,72.81778584518123
3,84,No,9,0,64.0,64.35498764261402
3,87,No,8,1,71.0,67.1208421966871
6,60,No,8,7,50.0,49.370601264419
4,81,No,4,1,59.0,61.96363099645702
8,87,No,6,7,80.0,81.58036752740092
3,76,Yes,7,4,56.0,56.641141528176604
2,82,No,6,8,55.0,59.57235439375108
9,52,Yes,8,7,49.0,50.400764142749814
8,92,No,5,7,88.0,86.18836703788932
4,97,Yes,4,3,79.0,79.22772174186147
9,60,Yes,7,0,56.0,56.7169081598832
9,55,Yes,7,3,52.0,52.207461489570164
8,56,Yes,6,1,46.0,49.51136139135312
4,89,No,7,4,75.0,72.10585536480095
4,79,Yes,8,1,60.0,62.44603721487266
4,86,Yes,7,6,67.0,70.04717033047964
6,66,Yes,8,8,56.0,56.272978579043574
3,79,No,8,4,61.0,59.56043092957526
6,49,No,5,5,37.0,36.36924374072682
2,63,Yes,7,1,39.0,39.99231668762421
5,95,Yes,4,4,81.0,80.23806071551877
5,62,No,4,5,47.0,46.260664912606074
1,44,No,4,8,18.0,17.12043593587442
7,99,No,7,3,93.0,90.64135770289761
9,77,No,4,4,73.0,72.73359217544002
1,51,No,4,8,29.0,24.23935332840496
2,57,Yes,4,6,32.0,33.41872024875052
5,48,No,6,4,33.0,32.784881654447
6,68,No,5,5,57.0,55.69201952045257
8,53,Yes,8,5,49.0,48.181605528709035
6,99,Yes,8,6,92.0,89.44992626092932
7,99,No,8,1,89.0,90.73463630417278
7,55,Yes,7,1,44.0,46.118830746523834
5,78,No,8,1,65.0,63.67291626643593
5,48,No,8,5,37.0,33.93059606425008
7,65,Yes,4,4,58.0,55.433382607675995
7,93,Yes,6,3,86.0,84.67110370470014
1,62,Yes,8,9,37.0,38.134437574399286
2,48,No,7,1,22.0,24.12887702405378
1,66,Yes,5,6,41.0,40.19607159325057
6,58,No,6,5,48.0,45.9990790152995
6,42,No,4,6,27.0,28.965216305470562
4,98,No,6,0,78.0,80.0144819052189
6,90,Yes,9,1,80.0,79.81481674745645
7,89,Yes,5,7,80.0,80.89353519059432
9,72,No,9,7,70.0,70.60885292600834
6,42,No,7,8,31.0,30.779703640900465
5,41,Yes,8,6,26.0,27.612126792746515
8,70,Yes,9,1,64.0,65.18002062894301
2,96,Yes,6,7,72.0,74.22697441693802
5,77,No,7,6,63.0,63.13814379057945
1,87,No,8,9,62.0,62.950525868146215
9,65,Yes,7,2,63.0,62.18551203744896
5,82,Yes,4,7,67.0,67.59270845374226
5,89,No,5,6,74.0,74.38811920942211
3,55,Yes,5,2,32.0,33.94684349933135
5,51,Yes,8,8,39.0,38.16567166497694
4,62,No,8,8,47.0,45.89144124359018
5,70,Yes,8,2,55.0,56.337458795999424
8,83,Yes,8,1,76.0,77.92392573089488
4,67,Yes,6,1,49.0,49.28829585932491
4,74,No,7,4,57.0,56.851032380806934
1,40,No,9,6,13.0,15.053527678122954
4,88,No,7,0,70.0,70.32154140006583
9,64,No,6,7,56.0,61.04212288201605
8,53,No,5,2,45.0,45.566670072252165
3,73,Yes,9,6,55.0,54.927722782631434
2,46,No,5,0,22.0,20.949186216384817
3,54,Yes,4,4,32.0,32.83657669912324
2,72,Yes,9,8,52.0,51.44191353652697
4,75,No,7,8,60.0,58.63534634554205
5,52,No,8,1,37.0,37.23122309417965
5,40,Yes,8,9,25.0,27.170632918165214
1,42,Yes,9,7,17.0,17.887952197015792
9,82,Yes,4,4,79.0,78.42714984968111
4,96,Yes,9,2,81.0,80.40360952235936
5,98,No,8,5,86.0,84.78000601089678
3,52,No,5,7,32.0,31.24641943020886
2,45,No,4,7,21.0,20.79807662342943
1,87,No,7,2,58.0,61.13076429381613
9,96,Yes,8,9,99.0,95.5319077787
9,96,No,5,1,94.0,91.95781511499041
8,40,Yes,6,7,34.0,34.39053885712944
1,95,No,6,1,70.0,68.59789695965279
4,94,Yes,8,3,82.0,78.08452308176777
8,53,No,7,1,43.0,46.328721599154164
1,97,Yes,4,5,71.0,71.05393283454471
3,67,Yes,5,1,45.0,45.958870445076016
5,87,Yes,6,1,72.0,72.48054376805621
9,85,No,6,1,82.0,81.2478864109044
8,65,Yes,4,7,59.0,58.86136086210025
2,95,Yes,9,6,74.0,74.44897922908336
1,57,No,8,8,32.0,32.24904845870765
9,66,No,9,6,65.0,64.3150922909602
8,41,No,9,3,36.0,35.46240906321259
4,61,No,7,7,47.0,44.205680119030426
1,98,Yes,5,8,73.0,73.12335684200555
9,58,Yes,9,4,57.0,56.404140496172054
9,41,No,9,8,37.0,39.274050200537935
6,97,No,7,0,87.0,85.17940305060748
6,73,Yes,4,8,60.0,61.484130034869025
9,40,No,8,2,39.0,36.62913186872546
1,48,No,4,9,21.0,21.3802201730567
7,58,No,6,1,49.0,48.08423717956994
4,42,No,8,9,22.0,25.743508706382045
5,42,No,6,2,24.0,26.299289577948308
8,67,No,5,4,62.0,60.18816774021433
2,49,No,6,4,26.0,25.244418063162072
5,98,Yes,8,4,84.0,85.19679124902267
5,75,Yes,9,6,62.0,62.666667040642544
6,49,Yes,8,4,37.0,38.216853431381516
7,40,No,6,3,31.0,30.16211248167822
2,99,No,6,2,73.0,75.7101651269077
5,87,No,4,6,72.0,71.87720132737996
7,70,No,8,9,62.0,62.77663006672205
8,52,No,5,0,47.0,44.166018990418145
1,86,No,5,4,59.0,59.54355600943174
8,67,No,6,3,58.0,60.47327778294006
2,55,Yes,8,7,32.0,33.48434122904028
2,68,Yes,4,7,47.0,44.79742187846333
9,80,No,9,7,82.0,78.74475851747181
3,94,No,8,4,75.0,74.81525391356926
9,43,No,7,9,43.0,40.5459750715018
8,85,No,9,7,79.0,80.97721558206386
9,50,No,9,3,51.0,47.46778678368162
3,77,No,8,6,56.0,57.91011741461048
9,92,Yes,4,2,87.0,88.21336895610936
1,99,Yes,4,3,71.0,72.70424634950949
6,95,Yes,5,9,85.0,84.52664333702039
8,76,Yes,7,8,74.0,71.67088694434189
2,85,No,7,7,65.0,62.9084290332756
4,56,Yes,5,8,38.0,38.96730427704018
8,81,No,6,2,72.0,74.5192811265506
6,96,No,8,9,84.0,86.36583930890572
8,52,No,8,8,50.0,47.131494974551316
5,60,No,9,0,49.0,45.65223872836884
5,60,Yes,5,8,45.0,45.887741002844535
8,67,Yes,9,5,62.0,62.89638179794639
6,51,Yes,9,3,44.0,40.53593987197311
3,40,No,4,1,20.0,17.414630910134107
4,83,No,4,1,62.0,63.99760739432289
6,91,No,4,2,79.0,78.03031228738215
9,41,No,9,5,36.0,38.6985558761863
4,93,No,8,5,74.0,76.8425810861595
5,92,Yes,6,5,78.0,78.33281052852305
9,77,Yes,4,2,74.0,72.95854597211536
6,86,No,7,0,76.0,73.9925328623452
5,84,No,4,7,69.0,69.01806817203172
9,66,No,4,2,59.0,61.163059104276655
4,68,Yes,5,6,50.0,50.7874997813343
7,60,Yes,9,3,48.0,52.541317592442134
7,80,No,8,0,71.0,71.22002908299649
5,91,Yes,6,9,79.0,78.0831480953923
7,81,No,6,1,69.0,71.47496575502743
4,91,Yes,4,3,74.0,73.12579254826387
7,75,No,6,6,66.0,66.33219376868254
9,81,Yes,7,6,78.0,79.22464898617808
3,88,No,8,8,68.0,69.48065048577385
8,82,Yes,4,8,75.0,76.34199168541068
4,47,Yes,4,6,25.0,28.953806119566412
8,46,No,5,7,40.0,39.40690988697435
4,54,Yes,8,4,34.0,37.59682656590095
4,83,No,5,5,66.0,65.24187464430135
4,60,Yes,9,9,43.0,45.13485445092755
7,61,No,7,9,55.0,53.14679479214937
1,52,No,5,2,26.0,24.5822943628109
8,40,Yes,8,2,36.0,34.385264618229264
7,93,Yes,6,1,84.0,84.28744082179905
3,81,No,6,6,60.0,61.02418724198967
3,87,No,9,1,67.0,67.59778368086337
8,60,Yes,6,2,54.0,53.77114562853539
6,53,No,9,8,45.0,42.920456797515286
5,87,No,6,2,72.0,72.06375852993034
1,44,Yes,7,3,17.0,18.200719860726927
5,40,Yes,5,8,24.0,25.547977024185855
1,63,No,9,1,36.0,37.48509904632771
7,82,No,7,1,74.0,72.96889543813663
8,67,Yes,5,8,61.0,61.56411018559293
5,90,Yes,4,8,77.0,75.92044548665629
5,66,Yes,5,4,52.0,51.22234443063996
3,62,Yes,4,8,43.0,41.739808056388895
3,41,No,8,5,18.0,21.10671081157431
9,56,No,5,2,52.0,51.47011859912359
5,69,No,9,7,55.0,56.14795260891906
9,64,Yes,6,3,61.0,60.8834137957903
8,48,No,6,0,38.0,40.575007678862676
4,68,Yes,4,3,50.0,49.735063972806394
8,52,No,5,6,45.0,45.317007639121414
5,48,Yes,5,3,31.0,32.72472540839661
5,44,No,6,0,26.0,27.94960309291308
7,42,Yes,5,4,31.0,32.51959551639479
7,53,Yes,5,7,44.0,44.281960029008694
4,95,Yes,8,3,82.0,79.10151128070069
2,80,No,4,9,59.0,56.77632646898321
6,91,No,4,5,74.0,78.60580661173378
9,91,Yes,5,9,93.0,89.0161423315065
3,61,No,9,7,41.0,42.307079157310355
2,43,Yes,8,1,22.0,20.129494193141802
1,46,No,4,7,20.0,18.962580892289743
5,62,No,5,9,50.0,47.504932162584524
6,97,Yes,9,2,90.0,87.12556558143754
8,88,No,7,4,82.0,82.4988028861585
7,49,No,7,8,37.0,40.75110496350362
7,56,Yes,9,3,47.0,48.4733647967104
7,80,Yes,9,9,74.0,74.03207021980408
8,91,No,8,4,88.0,86.02670896713357
9,58,No,8,2,55.0,54.93491944951827
1,74,Yes,7,4,50.0,48.902197270165495
3,72,No,7,1,50.0,51.38907772851681
7,47,Yes,5,8,39.0,38.37186227686163
2,81,Yes,9,2,57.0,59.44381867822011
2,43,Yes,8,6,23.0,21.088651400394525
9,83,Yes,6,3,82.0,80.20618957551605
3,91,No,5,7,76.0,70.90895918859329
3,93,No,5,1,72.0,71.79194693775588
6,71,No,9,8,60.0,61.226244378308095
9,48,Yes,6,2,48.0,44.41977117141281
6,44,Yes,9,9,34.0,34.56801112814584
6,67,No,8,3,57.0,55.722192891147365
8,56,Yes,9,9,51.0,52.47683737548629
7,72,No,8,3,66.0,63.65961781588465
5,64,No,6,5,49.0,49.24852427882449
3,47,No,8,7,27.0,27.592302888073004
5,62,No,7,8,45.0,48.26698368948652
7,78,No,9,3,72.0,70.23848849365852
9,68,No,5,2,66.0,63.67397698631879
5,88,No,4,4,76.0,72.51052664341182
1,57,No,9,2,29.0,31.57500129418065
3,96,No,9,6,78.0,77.7098346785125
9,51,Yes,5,6,48.0,47.761120049837515
2,76,No,4,5,55.0,51.941047907449295
9,79,Yes,8,9,79.0,78.24310839684011
1,57,Yes,6,1,29.0,30.560962079777713
2,67,Yes,7,3,44.0,44.44393236625704
8,88,Yes,6,1,82.0,82.05498375720701
4,87,Yes,5,1,71.0,69.15111835380732
7,62,No,9,1,53.0,53.58301442783049
4,57,No,6,1,40.0,38.50979719041915
5,53,No,7,0,37.0,37.579438367485764
4,84,Yes,6,3,67.0,66.96075812408588
2,72,No,9,1,52.0,49.49047676679674
1,52,No,8,3,24.0,26.204950256790255
9,54,Yes,7,3,52.0,51.19047329063723
1,53,No,5,9,26.0,26.942102651897642
6,64,Yes,4,9,48.0,52.52306768592316
9,56,No,4,3,51.0,51.18500855639786
5,91,No,9,4,76.0,77.94619866109198
7,87,No,7,6,83.0,79.01299364005402
8,93,No,5,8,88.0,87.39718667827279
9,95,No,4,2,91.0,90.65571687333174
7,68,No,9,6,62.0,60.64410082868082
3,47,No,9,2,27.0,27.110087164996553
2,42,No,6,1,19.0,17.550006346279908
7,67,Yes,7,6,59.0,59.28184634097177
2,92,Yes,6,6,70.0,69.96719017975575
5,44,No,8,0,27.0,28.903486061265625
1,94,Yes,9,3,68.0,70.00401277572618
2,82,Yes,7,2,61.0,59.5069239088005
1,46,Yes,4,3,22.0,18.80387180606398
3,78,No,8,2,57.0,58.159779847741234
5,73,No,7,8,61.0,59.4538538777488
3,91,Yes,6,6,74.0,71.80268591089543
1,73,Yes,7,3,49.0,47.69337762978202
1,66,Yes,8,0,41.0,40.475907397076114
5,60,Yes,5,9,48.0,46.07957244429508
9,72,No,8,2,68.0,69.17275423457934
8,87,No,5,3,83.0,80.33610027742247
1,97,Yes,4,5,73.0,71.05393283454471
7,91,No,9,3,82.0,83.45933507978667
9,97,Yes,7,0,95.0,94.34547152040176
1,77,Yes,7,4,51.0,51.9531618669643
8,59,No,6,6,54.0,52.91286651582822
4,60,No,4,0,38.0,40.415047377414865
2,58,No,8,1,33.0,34.77570049755939
5,95,Yes,5,1,80.0,80.13950787534341
2,53,Yes,5,9,30.0,30.403203261546686
4,50,Yes,4,9,35.0,32.58026504071685
8,40,No,4,3,31.0,32.0607134433983
7,56,Yes,7,8,45.0,48.478639035610584
1,42,Yes,8,1,17.0,16.26002206413625
7,74,No,9,9,68.0,67.32152434663006
7,73,Yes,9,5,66.0,66.14582706147137
3,81,No,8,3,59.0,61.40257588599058
5,84,Yes,6,8,67.0,70.77239926141122
2,65,No,4,0,39.0,39.7950205119343
9,70,Yes,4,6,64.0,66.606954345387
7,97,Yes,9,4,89.0,90.36171239441124
3,80,Yes,8,0,62.0,60.418710042282434
3,94,No,6,4,74.0,73.86137094521672
2,69,No,8,3,49.0,46.34623356872275
2,53,Yes,9,7,32.0,31.927306315350684
2,82,No,5,3,61.0,58.13625570232208
4,98,Yes,9,7,81.0,83.39674312747795
4,87,Yes,7,0,68.0,69.91316988070932
5,47,No,5,2,32.0,30.907289088436706
3,70,Yes,9,6,52.0,51.876758185832635
8,82,No,9,5,78.0,77.54258810236398
1,95,No,8,8,69.0,70.89460001815914
1,92,No,9,6,68.0,67.93691402263552
7,79,No,5,1,67.0,68.96404787298529
7,51,No,8,5,44.0,42.68652852119413
7,48,No,7,0,40.0,38.19946523296633
7,79,Yes,9,9,74.0,73.01508202087115
1,42,No,4,2,18.0,13.935470889305286
4,79,Yes,8,7,63.0,63.59702586357594
3,86,Yes,7,8,71.0,67.57834928330811
4,91,Yes,4,7,72.0,73.89311831406606
7,77,No,5,6,67.0,67.88922868237213
2,82,Yes,7,7,61.0,60.466081116053225
7,54,Yes,7,7,45.0,46.25283119629417
4,48,No,6,3,29.0,29.740566282923833
6,41,Yes,7,8,31.0,30.37133212154395
2,54,No,8,8,26.0,32.050567791981464
2,83,No,7,4,59.0,60.2989583110581
4,93,Yes,5,3,79.0,75.63671043030601
4,48,Yes,9,6,33.0,32.355501739380706
2,58,Yes,9,8,35.0,37.2040787514659
3,68,Yes,7,4,46.0,48.505235936713134
9,54,Yes,8,6,51.0,52.24290909916513
6,51,No,5,2,38.0,37.82772581424106
6,63,Yes,4,9,49.0,51.50607948699023
5,84,Yes,8,3,73.0,70.76712502251104
5,54,Yes,6,8,38.0,40.2627532934232
4,90,Yes,8,5,71.0,74.40023316893712
6,62,Yes,5,4,51.0,50.006875564980845
5,43,No,8,0,27.0,27.886497862332693
7,95,Yes,6,5,85.0,87.08874298546709
2,41,No,9,5,19.0,18.73116836567796
3,65,No,5,8,42.0,44.659097457787546
5,79,No,5,1,65.0,63.259080012840045
1,47,Yes,9,8,23.0,23.164724633131
3,84,No,9,7,70.0,65.69780773276783
9,84,No,6,6,82.0,81.1900554192242
3,73,Yes,8,7,59.0,54.64261273990571
6,44,No,7,6,30.0,32.430017155865244
7,97,No,7,7,88.0,89.37470707083392
3,62,No,7,3,40.0,41.60285862208856
5,98,No,8,1,82.0,84.01268024509461
1,43,Yes,8,9,17.0,18.81166179467354
4,45,No,5,4,25.0,26.404491643399304
5,72,Yes,7,4,57.0,58.27815659259011
4,96,No,9,6,78.0,80.56231860858512
7,74,No,8,1,65.0,65.30993133084942
6,48,Yes,5,0,38.0,35.00171501411759
3,72,No,4,3,53.0,50.341916158889084
8,73,No,9,7,66.0,68.77335719486865
9,69,Yes,4,9,65.0,66.1654604708057
2,95,Yes,6,5,75.0,72.82632333510401
4,75,Yes,8,3,57.0,58.76174730204202
6,54,Yes,9,6,47.0,44.16239879312355
4,52,No,5,3,35.0,33.3315775944793
7,96,No,9,1,89.0,88.16061319155025
1,40,Yes,4,2,13.0,12.510111171015836
1,86,No,7,4,60.0,60.497438977784284
1,88,No,9,1,68.0,62.90980401965106
9,55,Yes,8,5,56.0,53.06806585664752
3,81,No,6,3,62.0,60.448692917638034
2,74,Yes,6,2,50.0,50.89407683316075
6,46,No,4,0,33.0,31.882180452499025
9,69,Yes,4,4,64.0,65.20630326355297
3,92,No,9,8,75.0,74.02554476568184
5,53,No,9,8,38.0,40.06797286744266
5,88,No,6,6,74.0,73.84807249466544
5,88,No,8,8,74.0,75.18561834591908
3,75,No,7,2,56.0,54.63187376676616
7,52,No,8,1,43.0,42.936190954324886
4,72,No,5,9,52.0,54.82233022184125
9,99,Yes,5,6,97.0,96.57655359861835
8,45,Yes,6,7,37.0,39.47547985179411
3,75,Yes,6,1,57.0,54.571717520715765
2,87,Yes,6,5,61.0,64.69041774364054
1,72,No,6,1,45.0,45.2071683841953
3,98,No,6,4,79.0,77.92932374094846
6,46,Yes,4,8,32.0,34.0254486636798
7,87,No,4,6,79.0,77.58216918752521
9,44,No,7,9,40.0,41.562963270434736
2,65,No,7,8,42.0,42.76049649606747
1,54,No,8,0,31.0,27.663432330304488
4,61,No,5,0,42.0,41.908977060524066
2,59,No,4,4,37.0,34.460417084138875
8,87,No,7,6,82.0,81.86547757012664
9,52,No,4,0,47.0,46.541561436314495
1,57,No,6,3,35.0,30.33600828310238
7,94,No,9,6,87.0,87.08579400093711
2,78,Yes,6,3,59.0,55.153861070343034
8,45,Yes,4,4,39.0,37.94610255908994
8,54,No,4,6,46.0,46.874042552811005
7,54,Yes,6,1,41.0,44.624901063414626
8,93,Yes,9,9,88.0,90.10540073600484
5,44,Yes,4,6,25.0,28.75532545284023
8,84,No,7,3,77.0,78.23901864897621
6,77,Yes,6,6,67.0,66.12230291605222
8,89,No,8,1,87.0,83.41723824491606
3,70,Yes,8,3,50.0,50.824322377304725
9,47,Yes,4,0,45.0,42.06523712122624
8,62,No,5,7,57.0,55.67872106990129
3,56,Yes,5,9,34.0,36.30665178841811
3,79,Yes,4,9,64.0,59.220438879699316
5,84,No,8,5,69.0,70.54217122583572
2,45,Yes,4,4,21.0,20.83119897865422
9,52,Yes,4,1,44.0,47.34200955734146
6,42,Yes,6,8,30.0,30.911378836300617
4,68,No,8,3,51.0,51.034213229935055
5,99,Yes,6,4,87.0,85.25989647960306
5,70,Yes,5,3,53.0,55.09846578492115
1,87,No,5,0,61.0,59.79321844256249
8,52,Yes,9,2,45.0,47.06606448960075
9,96,No,5,9,91.0,93.49246664659476
5,65,No,7,2,47.0,50.16695963758206
2,80,No,6,8,55.0,57.538377995885206
4,96,No,4,5,77.0,77.98577974625321
1,47,No,4,5,17.0,19.595906208321587
5,65,Yes,6,6,54.0,51.065960598784386
3,87,No,6,6,66.0,67.12611643558728
7,87,No,8,6,79.0,79.4899351242303
9,69,No,5,7,66.0,65.65012239250446
2,76,No,6,6,52.0,53.08676231725238
6,63,Yes,9,3,53.0,52.739798259168325
8,75,Yes,7,4,71.0,69.88657297960677
6,70,No,8,3,63.0,58.773157487946165
8,65,Yes,7,1,55.0,59.1411966659258
9,99,Yes,8,1,99.0,97.04822084389444
1,72,No,8,6,49.0,47.12020855980057
7,93,Yes,7,2,86.0,84.95621374742586
5,92,No,9,1,78.0,78.38769253567327
7,74,Yes,6,6,65.0,65.92382224932604
5,71,No,8,0,57.0,56.36216743245485
2,51,No,5,0,27.0,26.034127211049494
3,66,Yes,7,9,44.0,47.430416746099986
3,71,No,7,1,49.0,50.37208952958388
6,41,Yes,5,8,28.0,29.41744915319141
8,70,Yes,8,1,64.0,64.70307914476673
2,64,No,7,1,39.0,40.400688206980725
2,95,No,9,7,76.0,74.0321939909575
1,89,No,8,8,66.0,64.79267082456154
7,93,Yes,9,8,87.0,87.06108536448167
1,54,No,7,3,26.0,27.761985170479853
8,76,Yes,5,4,72.0,69.94967821018716
4,65,No,4,1,46.0,45.69181981353008
7,65,Yes,5,1,58.0,55.33482976750063
6,66,Yes,4,2,56.0,53.214223993635215
5,87,No,6,9,76.0,73.40657862008415
2,77,Yes,6,7,56.0,54.90419863721228
6,54,Yes,5,6,43.0,42.25463285641846
8,88,Yes,7,5,86.0,83.29925100718546
2,66,No,7,4,43.0,43.01015892919823
6,64,Yes,6,9,54.0,53.476950654275704
8,80,Yes,5,9,74.0,74.97678821317162
4,61,Yes,4,4,43.0,42.8079780217264
4,77,Yes,8,6,60.0,61.37121802425952
4,62,No,7,4,44.0,44.64717399361173
6,54,No,8,1,42.0,42.117683422118134
3,54,Yes,6,0,28.0,33.0231339016736
4,94,Yes,4,3,75.0,76.17675714506268
1,79,Yes,7,3,54.0,53.79530682337962
4,51,Yes,9,5,33.0,35.21463489472896
5,82,No,8,3,67.0,68.12453194506875
9,47,No,5,7,47.0,43.276382015979905
5,93,No,4,2,77.0,77.2118047551754
7,78,No,6,5,67.0,69.1913269240308
5,42,Yes,7,3,32.0,27.576679183151544
5,57,Yes,5,3,42.0,41.877619198793006
7,77,No,8,3,70.0,68.74455881054932
8,57,No,5,3,52.0,49.826454309434446
3,62,Yes,6,6,44.0,42.31002814184035
3,65,Yes,8,0,45.0,45.163887058288424
1,75,Yes,4,1,46.0,47.91286669221798
6,64,Yes,7,4,49.0,52.994734931199254
3,66,No,7,3,44.0,45.670811417820296
3,93,No,8,4,76.0,73.79826571463633
5,59,No,4,1,41.0,42.4423745500051
4,69,No,7,2,50.0,51.38242850324117
6,86,No,7,7,75.0,75.33535295249902
7,52,No,4,4,42.0,41.603919341971434
8,64,No,9,0,58.0,58.27764331431844
4,95,Yes,6,2,77.0,77.95579687089761
6,61,No,5,2,50.0,47.997607803570396
5,52,No,8,1,31.0,37.23122309417965
5,66,Yes,4,3,49.0,50.553571505013146
3,91,Yes,8,8,73.0,73.14023176214906
4,79,No,5,4,61.0,60.98209040711906
9,50,No,6,3,44.0,46.0369623311528
6,83,Yes,7,2,70.0,71.93384782802391
2,78,Yes,8,8,58.0,57.06690124594831
6,75,Yes,4,1,63.0,62.17528634258108
5,94,Yes,8,9,78.0,82.08799566054365
1,40,No,8,5,16.0,14.384754752496136
6,77,No,7,0,66.0,64.8396390719488
1,55,No,7,3,26.0,28.778973369412782
8,89,Yes,4,1,83.0,82.11808898778739
7,49,Yes,6,4,37.0,40.115454393101594
1,71,No,7,9,46.0,46.201773201043
4,54,No,7,5,34.0,36.7030998435988
9,91,Yes,5,2,88.0,87.67332224135271
3,52,Yes,5,4,33.0,31.279541785433647
1,45,No,7,2,15.0,18.417259938632903
9,55,Yes,6,1,53.0,51.3468571224928
2,70,No,7,3,45.0,46.886280283479415
4,79,No,9,3,66.0,62.698024902373604
2,40,Yes,7,2,16.0,16.793419553617277
3,83,No,7,5,65.0,63.34327368258127
5,60,No,8,4,47.0,45.94262300999475
